,pclass,survived,age,sibsp,parch,fare,sex_male,embarked_Q,embarked_S
5,1.0,1.0,1.4338266584529786,-0.47908676070718687,-0.444999501816175,-0.1301403751633087,1,0,1
7,1.0,0.0,0.7361693259713321,-0.47908676070718687,-0.444999501816175,-0.6434642498641783,1,0,1
8,1.0,1.0,1.8214140653872266,1.4416623044251486,-0.444999501816175,0.35184657539009684,0,0,1
15,1.0,0.0,-0.1165229692840137,-0.47908676070718687,-0.444999501816175,-0.14222427051879058,1,0,1
22,1.0,1.0,-0.27155793205771295,-0.47908676070718687,-0.444999501816175,-0.06343727280104884,1,0,0
25,1.0,0.0,-0.34907541344456255,-0.47908676070718687,-0.444999501816175,-0.14077420307613278,1,0,0
29,1.0,1.0,-0.1165229692840137,-0.47908676070718687,-0.444999501816175,-0.1301403751633087,1,0,1
30,1.0,0.0,1.2012742142924298,-0.47908676070718687,-0.444999501816175,0.042901006327191564,1,0,1
31,1.0,1.0,0.8136868073581817,-0.47908676070718687,-0.444999501816175,-0.04410304023227786,1,0,0
34,1.0,0.0,0.9687217701318809,-0.47908676070718687,-0.444999501816175,-0.1301403751633087,1,0,1
37,1.0,1.0,-0.1165229692840137,-0.47908676070718687,-0.444999501816175,-0.1301403751633087,1,0,1
38,1.0,0.0,0.8912042887450313,-0.47908676070718687,-0.444999501816175,-0.05377015651666335,1,0,1
39,1.0,0.0,1.4338266584529786,-0.47908676070718687,-0.444999501816175,0.3328332910819675,1,0,0
40,1.0,0.0,-0.1165229692840137,-0.47908676070718687,-0.444999501816175,0.12217135985915262,1,0,0
41,1.0,1.0,1.1237567329055802,-0.47908676070718687,-0.444999501816175,-0.10750385567179166,0,0,0
45,1.0,0.0,1.2012742142924298,-0.47908676070718687,-0.444999501816175,-0.1301403751633087,1,0,1
46,1.0,0.0,-0.1165229692840137,-0.47908676070718687,-0.444999501816175,-0.04410304023227786,1,0,1
47,1.0,1.0,0.9687217701318809,-0.47908676070718687,-0.444999501816175,-0.13521561121261108,1,0,1
48,1.0,1.0,1.8214140653872266,-0.47908676070718687,-0.444999501816175,-0.11282076962820371,0,0,0
51,1.0,0.0,0.27106443765023436,-0.47908676070718687,-0.444999501816175,-0.5467930870203234,1,0,1
52,1.0,0.0,-0.1165229692840137,-0.47908676070718687,-0.444999501816175,0.267178104124935,1,0,1
53,1.0,0.0,-0.9692152645393595,-0.47908676070718687,-0.444999501816175,0.267178104124935,1,0,1
58,1.0,0.0,1.5113441398398282,-0.47908676070718687,-0.444999501816175,-0.14077420307613278,1,0,1
59,1.0,1.0,-0.1165229692840137,-0.47908676070718687,-0.444999501816175,-0.10750385567179166,0,0,0
62,1.0,0.0,1.2787916956792793,0.481287771858981,-0.444999501816175,0.5393074275303865,1,0,1
63,1.0,1.0,1.356309177066129,0.481287771858981,-0.444999501816175,0.5393074275303865,0,0,1
64,1.0,1.0,-0.1940404506708633,0.481287771858981,-0.444999501816175,0.38318349953756087,1,0,1
65,1.0,1.0,0.27106443765023436,0.481287771858981,-0.444999501816175,0.38318349953756087,0,0,1
68,1.0,1.0,1.2012742142924298,-0.47908676070718687,-0.444999501816175,-0.06923754257168015,1,0,0
70,1.0,0.0,-0.1165229692840137,-0.47908676070718687,-0.444999501816175,-0.6434642498641783,1,0,1
74,1.0,0.0,-0.1165229692840137,-0.47908676070718687,-0.444999501816175,0.36191584371191277,1,0,1
75,1.0,0.0,1.356309177066129,-0.47908676070718687,-0.444999501816175,-0.14874957401075084,1,0,1
80,1.0,0.0,-0.1165229692840137,-0.47908676070718687,-0.444999501816175,-0.1301403751633087,1,0,1
86,1.0,1.0,1.6663791026135275,-0.47908676070718687,-0.444999501816175,-0.1301403751633087,1,0,1
87,1.0,1.0,-0.1940404506708633,-0.47908676070718687,-0.444999501816175,-0.05377015651666335,1,0,1
89,1.0,0.0,0.11602947487653514,0.481287771858981,-0.444999501816175,0.36191584371191277,1,0,1
91,1.0,1.0,0.11602947487653514,0.481287771858981,-0.444999501816175,0.4585870065557677,1,0,1
92,1.0,1.0,-0.9692152645393595,0.481287771858981,-0.444999501816175,0.4585870065557677,0,0,1
99,1.0,1.0,1.4338266584529786,0.481287771858981,-0.444999501816175,0.12217135985915262,0,0,0
100,1.0,1.0,1.5113441398398282,0.481287771858981,-0.444999501816175,0.45721814288989876,1,0,0
101,1.0,0.0,0.7361693259713321,-0.47908676070718687,-0.444999501816175,-0.06923754257168015,1,0,0
105,1.0,0.0,0.5036168818107832,-0.47908676070718687,-0.444999501816175,-0.030971229471568575,0,0,0
107,1.0,1.0,-0.1165229692840137,-0.47908676070718687,-0.444999501816175,-0.03089195911803666,0,0,1
109,1.0,1.0,0.5036168818107832,-0.47908676070718687,-0.444999501816175,-0.13328218795573402,1,0,1
110,1.0,0.0,0.03851199348968552,-0.47908676070718687,-0.444999501816175,-0.10693929608078355,1,0,0
117,1.0,1.0,0.03851199348968552,-0.47908676070718687,-0.444999501816175,0.45721814288989876,0,0,0
118,1.0,0.0,-0.1165229692840137,-0.47908676070718687,-0.444999501816175,-0.1301403751633087,1,0,1
120,1.0,1.0,1.0462392515187307,0.481287771858981,-0.444999501816175,-0.10750385567179166,1,0,0
125,1.0,0.0,-0.1165229692840137,-0.47908676070718687,-0.444999501816175,-0.6434642498641783,1,0,1
126,1.0,0.0,0.5811343631976328,0.481287771858981,-0.444999501816175,0.38318349953756087,1,0,1
127,1.0,1.0,0.4260994004239336,0.481287771858981,-0.444999501816175,0.38318349953756087,0,0,1
128,1.0,0.0,1.356309177066129,-0.47908676070718687,-0.444999501816175,0.10090370403350452,1,0,1
136,1.0,1.0,1.8214140653872266,-0.47908676070718687,-0.444999501816175,-0.09243862165420531,1,0,0
137,1.0,1.0,-0.8141803017656603,-0.47908676070718687,-0.444999501816175,-0.06343727280104884,0,0,1
143,1.0,1.0,-0.34907541344456255,0.481287771858981,-0.444999501816175,0.42845847194385184,1,0,0
144,1.0,1.0,-0.34907541344456255,0.481287771858981,-0.444999501816175,0.42845847194385184,0,0,0
147,1.0,0.0,-0.1165229692840137,-0.47908676070718687,-0.444999501816175,0.17630721105171132,1,0,1
150,1.0,0.0,0.8136868073581817,-0.47908676070718687,-0.444999501816175,-0.6434642498641783,1,0,1
152,1.0,1.0,-0.1165229692840137,-0.47908676070718687,-0.444999501816175,-0.06343727280104884,1,0,1
156,1.0,0.0,0.9687217701318809,-0.47908676070718687,-0.444999501816175,0.17824063430858844,1,0,1
157,1.0,0.0,-0.1165229692840137,-0.47908676070718687,-0.444999501816175,0.3592573867337067,1,0,1
162,1.0,0.0,0.9687217701318809,0.481287771858981,-0.444999501816175,0.36191584371191277,1,0,1
163,1.0,1.0,0.4260994004239336,0.481287771858981,-0.444999501816175,0.36191584371191277,0,0,1
164,1.0,1.0,0.4260994004239336,-0.47908676070718687,-0.444999501816175,-0.1301403751633087,1,0,0
166,1.0,0.0,-0.1165229692840137,-0.47908676070718687,-0.444999501816175,-0.04998451377969802,1,0,0
169,1.0,0.0,1.588861621226678,-0.47908676070718687,-0.444999501816175,-0.08833009723334151,0,0,0
170,1.0,1.0,1.5113441398398282,-0.47908676070718687,-0.444999501816175,-0.6434642498641783,1,0,1
171,1.0,0.0,1.2787916956792793,-0.47908676070718687,-0.444999501816175,-0.14077420307613278,1,0,1
172,1.0,0.0,1.588861621226678,-0.47908676070718687,-0.444999501816175,-0.14077420307613278,1,0,1
175,1.0,0.0,0.8912042887450313,0.481287771858981,-0.444999501816175,0.3592573867337067,1,0,1
176,1.0,1.0,-0.1165229692840137,0.481287771858981,-0.444999501816175,0.3592573867337067,0,0,1
177,1.0,1.0,0.9687217701318809,0.481287771858981,-0.444999501816175,0.3726308754015257,1,0,1
178,1.0,1.0,1.2012742142924298,0.481287771858981,-0.444999501816175,0.3726308754015257,0,0,1
179,1.0,0.0,-0.1165229692840137,-0.47908676070718687,-0.444999501816175,-0.1301403751633087,1,0,1
181,1.0,1.0,1.5113441398398282,-0.47908676070718687,-0.444999501816175,-0.14214306674200172,0,0,1
184,1.0,0.0,-0.1165229692840137,-0.47908676070718687,-0.444999501816175,-0.10750385567179166,1,0,0
185,1.0,0.0,0.9687217701318809,-0.47908676070718687,-0.444999501816175,-0.1301403751633087,1,0,1
189,1.0,0.0,-0.03900548789716409,-0.47908676070718687,-0.444999501816175,-0.06343727280104884,1,0,1
191,1.0,0.0,0.03851199348968552,-0.47908676070718687,-0.444999501816175,0.23624333201490139,1,0,1
194,1.0,0.0,0.03851199348968552,-0.47908676070718687,-0.444999501816175,-0.14077420307613278,1,0,1
196,1.0,1.0,-0.1165229692840137,-0.47908676070718687,-0.444999501816175,-0.06923754257168015,1,0,0
197,1.0,0.0,-0.8141803017656603,0.481287771858981,-0.444999501816175,0.38318349953756087,1,0,1
198,1.0,1.0,-0.8916977831525099,0.481287771858981,-0.444999501816175,0.38318349953756087,0,0,1
199,1.0,1.0,-0.42659289483141216,-0.47908676070718687,-0.444999501816175,0.3136614660667741,0,0,0
201,1.0,0.0,1.8989315467740764,-0.47908676070718687,-0.444999501816175,0.3592573867337067,1,0,1
202,1.0,1.0,0.5036168818107832,-0.47908676070718687,-0.444999501816175,-0.13521561121261108,1,0,1
209,1.0,1.0,0.03851199348968552,0.481287771858981,-0.444999501816175,0.47308768098234594,1,0,0
211,1.0,0.0,1.356309177066129,-0.47908676070718687,-0.444999501816175,0.17630721105171132,1,0,1
219,1.0,1.0,-0.1165229692840137,-0.47908676070718687,-0.444999501816175,-0.14576823534864627,1,0,0
222,1.0,0.0,-0.0777642285905889,-0.47908676070718687,-0.444999501816175,-0.10750385567179166,1,0,0
223,1.0,0.0,-0.1165229692840137,-0.47908676070718687,-0.444999501816175,-0.6434642498641783,1,0,1
224,1.0,0.0,1.2400329549858546,-0.47908676070718687,-0.444999501816175,-0.09243862165420531,1,0,1
231,1.0,1.0,1.743896584000377,-0.47908676070718687,-0.444999501816175,-0.05377015651666335,1,0,1
232,1.0,0.0,1.356309177066129,-0.47908676070718687,-0.444999501816175,0.36191584371191277,1,0,1
234,1.0,0.0,0.6586518445844824,-0.47908676070718687,-0.444999501816175,-0.6434642498641783,1,0,1
235,1.0,1.0,-0.1165229692840137,-0.47908676070718687,-0.444999501816175,0.12217135985915262,1,0,1
239,1.0,0.0,0.11602947487653514,-0.47908676070718687,-0.444999501816175,0.3328332910819675,1,0,1
240,1.0,1.0,1.2012742142924298,-0.47908676070718687,-0.444999501816175,-0.1301403751633087,1,0,1
241,1.0,0.0,-0.1165229692840137,-0.47908676070718687,-0.444999501816175,0.3232473785743708,1,0,1
242,1.0,1.0,0.27106443765023436,-0.47908676070718687,-0.444999501816175,-0.10750385567179166,0,0,0
244,1.0,0.0,0.5036168818107832,-0.47908676070718687,-0.444999501816175,0.13232183195775735,1,0,0
247,1.0,1.0,1.8989315467740764,0.481287771858981,-0.444999501816175,0.504989164720818,0,0,0
248,1.0,0.0,0.27106443765023436,-0.47908676070718687,-0.444999501816175,-0.1301403751633087,1,0,1
254,1.0,1.0,-0.1165229692840137,-0.47908676070718687,-0.444999501816175,-0.05377015651666335,1,0,1
256,1.0,1.0,-0.1165229692840137,-0.47908676070718687,-0.444999501816175,-0.14077420307613278,1,0,1
257,1.0,1.0,0.4260994004239336,0.481287771858981,-0.444999501816175,0.47308768098234594,0,0,0
258,1.0,1.0,0.03851199348968552,-0.47908676070718687,-0.444999501816175,-0.04410304023227786,0,0,0
259,1.0,1.0,0.34858191903708396,-0.47908676070718687,-0.444999501816175,-0.1301403751633087,1,0,1
261,1.0,1.0,0.4260994004239336,-0.47908676070718687,-0.444999501816175,-0.13521561121261108,1,0,1
262,1.0,0.0,1.588861621226678,0.481287771858981,-0.444999501816175,0.43731935073011957,1,0,1
263,1.0,1.0,0.7361693259713321,0.481287771858981,-0.444999501816175,0.43731935073011957,0,0,1
265,1.0,1.0,-0.1165229692840137,-0.47908676070718687,-0.444999501816175,0.042901006327191564,1,0,1
268,1.0,0.0,-0.42659289483141216,0.481287771858981,-0.444999501816175,0.5165897042620806,1,0,1
269,1.0,0.0,-0.1165229692840137,-0.47908676070718687,-0.444999501816175,-0.14077420307613278,1,0,1
270,1.0,1.0,-0.8916977831525099,0.481287771858981,-0.444999501816175,0.5165897042620806,0,0,1
278,1.0,1.0,0.19354695626338475,-0.47908676070718687,-0.444999501816175,-0.05377015651666335,1,0,0
280,1.0,1.0,1.8989315467740764,0.481287771858981,-0.444999501816175,0.42845847194385184,1,0,0
281,1.0,1.0,1.0462392515187307,0.481287771858981,-0.444999501816175,0.42845847194385184,0,0,0
283,1.0,0.0,-0.1165229692840137,-0.47908676070718687,-0.444999501816175,-0.10750385567179166,1,0,0
288,1.0,1.0,1.4338266584529786,-0.47908676070718687,-0.444999501816175,-0.14214306674200172,0,0,1
292,1.0,1.0,1.4338266584529786,0.481287771858981,-0.444999501816175,0.36191584371191277,1,0,1
293,1.0,1.0,-0.1165229692840137,0.481287771858981,-0.444999501816175,0.36191584371191277,0,0,1
298,1.0,1.0,0.11602947487653514,-0.47908676070718687,-0.444999501816175,-0.09171358793287637,1,0,0
299,1.0,0.0,0.8136868073581817,-0.47908676070718687,-0.444999501816175,-0.10750385567179166,1,0,0
301,1.0,0.0,1.356309177066129,-0.47908676070718687,-0.444999501816175,0.014301809511465553,1,0,1
315,1.0,1.0,-0.659145338991961,-0.47908676070718687,-0.444999501816175,-0.1301403751633087,0,0,1
318,1.0,0.0,-0.1165229692840137,-0.47908676070718687,-0.444999501816175,0.03323389004280607,1,0,1
320,1.0,1.0,-0.1165229692840137,-0.47908676070718687,-0.444999501816175,0.042901006327191564,1,0,1
323,2.0,0.0,0.03851199348968552,0.481287771858981,-0.444999501816175,-0.17944266821367474,1,0,0
324,2.0,1.0,-0.1165229692840137,0.481287771858981,-0.444999501816175,-0.17944266821367474,0,0,0
325,2.0,0.0,0.03851199348968552,-0.47908676070718687,-0.444999501816175,-0.39211922647015557,1,0,1
326,2.0,0.0,-0.8916977831525099,-0.47908676070718687,-0.444999501816175,-0.42112057532331204,1,0,1
327,2.0,0.0,-0.34907541344456255,-0.47908676070718687,-0.444999501816175,-0.440454807892083,1,0,1
328,2.0,0.0,0.34858191903708396,0.481287771858981,-0.444999501816175,-0.14077420307613278,1,0,1
329,2.0,1.0,0.5036168818107832,0.481287771858981,-0.444999501816175,-0.14077420307613278,0,0,1
331,2.0,0.0,-0.8916977831525099,-0.47908676070718687,-0.444999501816175,-0.42112057532331204,1,0,1
332,2.0,0.0,-0.5041103762182618,-0.47908676070718687,-0.444999501816175,-0.440454807892083,1,0,1
333,2.0,1.0,0.5036168818107832,-0.47908676070718687,-0.444999501816175,-0.39211922647015557,0,0,1
334,2.0,0.0,-0.1165229692840137,-0.47908676070718687,-0.444999501816175,-0.440454807892083,1,0,1
335,2.0,0.0,1.6663791026135275,-0.47908676070718687,-0.444999501816175,-0.4013029869403218,1,0,1
336,2.0,1.0,0.19354695626338475,0.481287771858981,-0.444999501816175,-0.14077420307613278,1,0,1
337,2.0,1.0,-0.8141803017656603,0.481287771858981,-0.444999501816175,-0.14077420307613278,0,0,1
338,2.0,0.0,-0.1165229692840137,-0.47908676070718687,-0.444999501816175,-0.14077420307613278,1,0,1
343,2.0,1.0,0.34858191903708396,-0.47908676070718687,-0.444999501816175,-0.39211922647015557,1,0,1
344,2.0,1.0,-0.8141803017656603,-0.47908676070718687,-0.444999501816175,-0.39211922647015557,0,0,1
345,2.0,0.0,-0.5041103762182618,-0.47908676070718687,-0.444999501816175,-0.39211922647015557,1,0,1
346,2.0,0.0,-0.27155793205771295,-0.47908676070718687,-0.444999501816175,-0.39211922647015557,1,0,1
347,2.0,0.0,0.9687217701318809,-0.47908676070718687,-0.444999501816175,-0.39211922647015557,1,0,1
348,2.0,0.0,-0.1940404506708633,-0.47908676070718687,-0.444999501816175,-0.39211922647015557,1,0,1
349,2.0,1.0,-0.42659289483141216,-0.47908676070718687,-0.444999501816175,-0.39211922647015557,0,0,1
353,2.0,1.0,-0.7366628203788106,0.481287771858981,-0.444999501816175,-0.14077420307613278,0,0,1
354,2.0,0.0,-0.34907541344456255,0.481287771858981,-0.444999501816175,-0.14077420307613278,1,0,1
355,2.0,1.0,0.5036168818107832,-0.47908676070718687,-0.444999501816175,-0.39211922647015557,0,0,1
356,2.0,0.0,-0.34907541344456255,-0.47908676070718687,-0.444999501816175,-0.39211922647015557,1,0,1
357,2.0,0.0,0.9687217701318809,-0.47908676070718687,-0.444999501816175,-0.39211922647015557,1,0,1
358,2.0,1.0,0.9687217701318809,-0.47908676070718687,-0.444999501816175,-0.39211922647015557,0,0,1
362,2.0,1.0,0.4260994004239336,-0.47908676070718687,-0.444999501816175,-0.2374453659199877,0,0,1
363,2.0,0.0,-0.1165229692840137,-0.47908676070718687,-0.444999501816175,-0.6434642498641783,1,0,1
364,2.0,0.0,-0.8141803017656603,-0.47908676070718687,-0.444999501816175,-0.39211922647015557,1,0,1
365,2.0,0.0,1.1237567329055802,0.481287771858981,-0.444999501816175,-0.14077420307613278,0,0,1
366,2.0,0.0,1.8989315467740764,0.481287771858981,-0.444999501816175,-0.14077420307613278,1,0,1
367,2.0,0.0,1.743896584000377,-0.47908676070718687,-0.444999501816175,-0.3824521101857701,1,0,1
368,2.0,0.0,0.5811343631976328,0.481287771858981,-0.444999501816175,-0.14077420307613278,1,0,1
369,2.0,0.0,-0.03900548789716409,0.481287771858981,-0.444999501816175,-0.14077420307613278,0,0,1
372,2.0,0.0,-0.03900548789716409,0.481287771858981,-0.444999501816175,-0.14077420307613278,1,0,1
373,2.0,1.0,-0.1165229692840137,0.481287771858981,-0.444999501816175,-0.14077420307613278,0,0,1
374,2.0,0.0,-0.03900548789716409,-0.47908676070718687,-0.444999501816175,-0.440454807892083,1,0,1
375,2.0,0.0,-0.1165229692840137,-0.47908676070718687,-0.444999501816175,-0.39211922647015557,1,0,1
376,2.0,1.0,-0.42659289483141216,-0.47908676070718687,-0.444999501816175,-0.440454807892083,1,0,1
380,2.0,1.0,-0.5816278576051114,-0.47908676070718687,-0.444999501816175,-0.440454807892083,0,0,1
381,2.0,0.0,0.03851199348968552,-0.47908676070718687,-0.444999501816175,-0.39211922647015557,0,0,1
382,2.0,0.0,-0.1165229692840137,-0.47908676070718687,-0.444999501816175,-0.2374453659199877,0,0,1
383,2.0,0.0,-0.659145338991961,-0.47908676070718687,-0.444999501816175,-0.42112057532331204,1,0,1
384,2.0,0.0,-0.1165229692840137,-0.47908676070718687,-0.444999501816175,-0.6434642498641783,1,0,1
388,2.0,1.0,-0.1165229692840137,-0.47908676070718687,-0.444999501816175,-0.39211922647015557,0,0,1
389,2.0,0.0,0.19354695626338475,-0.47908676070718687,-0.444999501816175,-0.39211922647015557,1,0,1
391,2.0,0.0,-0.03900548789716409,0.481287771858981,-0.444999501816175,-0.10750385567179166,1,0,0
392,2.0,1.0,-0.42659289483141216,0.481287771858981,-0.444999501816175,-0.10750385567179166,0,0,0
393,2.0,0.0,-0.34907541344456255,-0.47908676070718687,-0.444999501816175,-0.03443592394789237,1,0,1
397,2.0,0.0,1.8989315467740764,-0.47908676070718687,-0.444999501816175,-0.14077420307613278,1,0,1
401,2.0,1.0,-0.1940404506708633,0.481287771858981,-0.444999501816175,-0.3755246546563794,0,0,0
402,2.0,1.0,0.03851199348968552,0.481287771858981,-0.444999501816175,-0.3755246546563794,0,0,0
403,2.0,0.0,-0.5041103762182618,-0.47908676070718687,-0.444999501816175,-0.39211922647015557,1,0,1
404,2.0,0.0,-0.659145338991961,-0.47908676070718687,-0.444999501816175,-0.39211922647015557,1,0,1
405,2.0,0.0,-0.8916977831525099,-0.47908676070718687,-0.444999501816175,-0.39211922647015557,1,0,1
406,2.0,0.0,0.8136868073581817,0.481287771858981,-0.444999501816175,-0.14077420307613278,1,0,1
407,2.0,1.0,-0.03900548789716409,0.481287771858981,-0.444999501816175,-0.14077420307613278,0,0,1
408,2.0,0.0,-0.8916977831525099,-0.47908676070718687,-0.444999501816175,-0.440454807892083,1,0,1
409,2.0,0.0,0.5036168818107832,-0.47908676070718687,-0.444999501816175,-0.39211922647015557,1,0,1
410,2.0,0.0,-0.1165229692840137,-0.47908676070718687,-0.444999501816175,-0.6434642498641783,1,0,1
411,2.0,0.0,0.6586518445844824,-0.47908676070718687,-0.444999501816175,-0.39211922647015557,0,0,1
412,2.0,0.0,0.4260994004239336,-0.47908676070718687,-0.444999501816175,-0.14077420307613278,1,0,1
413,2.0,0.0,0.6586518445844824,0.481287771858981,-0.444999501816175,-0.2374453659199877,1,0,1
414,2.0,0.0,0.34858191903708396,0.481287771858981,-0.444999501816175,-0.2374453659199877,1,0,1
415,2.0,1.0,0.34858191903708396,-0.47908676070718687,-0.444999501816175,-0.39211922647015557,0,0,1
416,2.0,0.0,-1.046732745926209,-0.47908676070718687,-0.444999501816175,-0.14077420307613278,1,0,1
417,2.0,0.0,-0.27155793205771295,-0.47908676070718687,-0.444999501816175,-0.440454807892083,1,0,1
418,2.0,0.0,1.356309177066129,-0.47908676070718687,-0.444999501816175,-0.440454807892083,1,0,1
419,2.0,0.0,-0.659145338991961,0.481287771858981,-0.444999501816175,-0.42112057532331204,1,0,1
420,2.0,0.0,-0.659145338991961,0.481287771858981,-0.444999501816175,-0.42112057532331204,1,0,1
421,2.0,0.0,-0.42659289483141216,-0.47908676070718687,-0.444999501816175,-0.3824521101857701,1,0,1
422,2.0,0.0,-0.42659289483141216,-0.47908676070718687,-0.444999501816175,-0.39211922647015557,1,0,1
423,2.0,0.0,0.34858191903708396,-0.47908676070718687,-0.444999501816175,-0.39211922647015557,1,0,1
424,2.0,0.0,0.03851199348968552,-0.47908676070718687,-0.444999501816175,-0.39211922647015557,1,0,1
425,2.0,0.0,1.743896584000377,-0.47908676070718687,-0.444999501816175,-0.39211922647015557,1,0,1
426,2.0,0.0,0.03851199348968552,-0.47908676070718687,-0.444999501816175,-0.39211922647015557,1,0,1
429,2.0,0.0,1.1237567329055802,-0.47908676070718687,-0.444999501816175,-0.39211922647015557,1,0,1
433,2.0,0.0,0.03851199348968552,-0.47908676070718687,-0.444999501816175,-0.440454807892083,1,0,1
448,2.0,0.0,0.5036168818107832,-0.47908676070718687,-0.444999501816175,-0.39211922647015557,1,0,1
450,2.0,0.0,1.588861621226678,-0.47908676070718687,-0.444999501816175,-0.39211922647015557,1,0,1
451,2.0,0.0,1.1237567329055802,0.481287771858981,-0.444999501816175,-0.14077420307613278,1,0,1
452,2.0,1.0,-0.03900548789716409,0.481287771858981,-0.444999501816175,-0.14077420307613278,0,0,1
454,2.0,1.0,0.9687217701318809,-0.47908676070718687,-0.444999501816175,-0.39211922647015557,1,0,1
457,2.0,0.0,0.27106443765023436,-0.47908676070718687,-0.444999501816175,-0.4061365450825145,1,0,1
458,2.0,1.0,-0.9692152645393595,-0.47908676070718687,-0.444999501816175,-0.440454807892083,0,0,1
459,2.0,0.0,0.9687217701318809,0.481287771858981,-0.444999501816175,-0.12143997050736179,1,0,1
461,2.0,0.0,1.356309177066129,-0.47908676070718687,-0.444999501816175,-0.3534507613326136,1,0,1
462,2.0,0.0,-0.42659289483141216,1.4416623044251486,-0.444999501816175,-0.03443592394789237,1,0,1
463,2.0,0.0,-0.5816278576051114,1.4416623044251486,-0.444999501816175,-0.03443592394789237,1,0,1
464,2.0,0.0,0.19354695626338475,-0.47908676070718687,-0.444999501816175,-0.440454807892083,1,0,1
465,2.0,1.0,-0.5041103762182618,-0.47908676070718687,-0.444999501816175,-0.3768123145454596,0,0,0
466,2.0,0.0,0.34858191903708396,0.481287771858981,-0.444999501816175,-0.14077420307613278,1,0,1
467,2.0,1.0,-0.42659289483141216,0.481287771858981,-0.444999501816175,-0.14077420307613278,0,0,1
468,2.0,0.0,-0.5816278576051114,-0.47908676070718687,-0.444999501816175,-0.2374453659199877,0,0,1
469,2.0,1.0,-0.1165229692840137,-0.47908676070718687,-0.444999501816175,-0.40468647763985666,0,1,0
470,2.0,0.0,0.4260994004239336,-0.47908676070718687,-0.444999501816175,-0.40468647763985666,1,1,0
471,2.0,1.0,1.2012742142924298,-0.47908676070718687,-0.444999501816175,-0.3824521101857701,0,0,1
473,2.0,0.0,-0.1165229692840137,-0.47908676070718687,-0.444999501816175,-0.6434642498641783,1,0,1
474,2.0,0.0,0.11602947487653514,-0.47908676070718687,-0.444999501816175,-0.440454807892083,1,0,1
477,2.0,0.0,-0.1165229692840137,-0.47908676070718687,-0.444999501816175,-0.436427487248008,1,1,0
482,2.0,1.0,-0.9692152645393595,-0.47908676070718687,-0.444999501816175,-0.41145345903892655,0,0,0
483,2.0,1.0,-0.1165229692840137,-0.47908676070718687,-0.444999501816175,-0.0054345750947358915,0,0,1
484,2.0,1.0,0.34858191903708396,-0.47908676070718687,-0.444999501816175,-0.440454807892083,0,0,1
485,2.0,0.0,0.5036168818107832,-0.47908676070718687,-0.444999501816175,-0.3945360055412519,1,0,0
486,2.0,0.0,-0.42659289483141216,-0.47908676070718687,-0.444999501816175,-0.440454807892083,1,0,1
488,2.0,0.0,1.588861621226678,0.481287771858981,-0.444999501816175,-0.14077420307613278,1,0,1
489,2.0,1.0,0.9687217701318809,0.481287771858981,-0.444999501816175,-0.14077420307613278,0,0,1
491,2.0,0.0,-0.1165229692840137,-0.47908676070718687,-0.444999501816175,-0.35256525348096385,1,0,0
495,2.0,0.0,-0.1165229692840137,-0.47908676070718687,-0.444999501816175,-0.34225237382878143,1,0,0
496,2.0,0.0,0.03851199348968552,-0.47908676070718687,-0.444999501816175,-0.39211922647015557,1,0,1
497,2.0,0.0,0.8136868073581817,-0.47908676070718687,-0.444999501816175,-0.3341165287638426,1,0,1
498,2.0,0.0,0.19354695626338475,-0.47908676070718687,-0.444999501816175,-0.3824521101857701,1,0,1
499,2.0,0.0,0.03851199348968552,-0.47908676070718687,-0.444999501816175,-0.39211922647015557,1,0,1
500,2.0,0.0,1.2787916956792793,-0.47908676070718687,-0.444999501816175,-0.14077420307613278,1,0,1
503,2.0,1.0,-0.8141803017656603,-0.47908676070718687,-0.444999501816175,-0.440454807892083,1,0,1
504,2.0,0.0,0.7361693259713321,-0.47908676070718687,-0.444999501816175,-0.39211922647015557,1,0,1
505,2.0,0.0,1.4338266584529786,-0.47908676070718687,-0.444999501816175,-0.39211922647015557,1,0,1
507,2.0,0.0,-0.1940404506708633,-0.47908676070718687,-0.444999501816175,-0.39211922647015557,1,0,1
508,2.0,0.0,1.8989315467740764,-0.47908676070718687,-0.444999501816175,-0.3727849939013846,1,0,1
509,2.0,0.0,0.7361693259713321,-0.47908676070718687,-0.444999501816175,-0.14077420307613278,1,0,1
510,2.0,0.0,-1.046732745926209,-0.47908676070718687,-0.444999501816175,-0.440454807892083,1,0,1
512,2.0,0.0,0.23230569695680955,0.481287771858981,-0.444999501816175,-0.062068409135179886,1,0,0
513,2.0,1.0,-1.2017677086999083,0.481287771858981,-0.444999501816175,-0.062068409135179886,0,0,0
517,2.0,0.0,-0.27155793205771295,-0.47908676070718687,-0.444999501816175,-0.39211922647015557,1,0,1
519,2.0,0.0,-0.1165229692840137,-0.47908676070718687,-0.444999501816175,-0.3824521101857701,1,0,1
520,2.0,1.0,-0.7366628203788106,-0.47908676070718687,-0.444999501816175,-0.3754434508795906,1,0,0
521,2.0,1.0,-0.03900548789716409,-0.47908676070718687,-0.444999501816175,-0.440454807892083,0,0,1
522,2.0,0.0,0.7361693259713321,-0.47908676070718687,-0.444999501816175,-0.39211922647015557,1,0,1
523,2.0,1.0,-0.5816278576051114,-0.47908676070718687,-0.444999501816175,-0.440454807892083,1,0,1
524,2.0,1.0,-0.1165229692840137,-0.47908676070718687,-0.444999501816175,-0.3754434508795906,1,0,0
525,2.0,0.0,-0.5041103762182618,-0.47908676070718687,-0.444999501816175,-0.440454807892083,1,0,1
526,2.0,1.0,-0.03900548789716409,-0.47908676070718687,-0.444999501816175,-0.3755246546563794,1,0,0
527,2.0,0.0,-0.1165229692840137,-0.47908676070718687,-0.444999501816175,-0.440454807892083,1,0,1
528,2.0,0.0,-0.1165229692840137,-0.47908676070718687,-0.444999501816175,-0.6434642498641783,1,0,1
530,2.0,0.0,-0.8141803017656603,-0.47908676070718687,-0.444999501816175,-0.440454807892083,1,0,1
531,2.0,0.0,-0.1165229692840137,-0.47908676070718687,-0.444999501816175,-0.352484049704175,1,0,0
532,2.0,0.0,0.8912042887450313,-0.47908676070718687,-0.444999501816175,-0.39211922647015557,1,0,1
534,2.0,1.0,-0.8141803017656603,-0.47908676070718687,-0.444999501816175,-0.14077420307613278,0,0,1
536,2.0,1.0,0.19354695626338475,-0.47908676070718687,-0.444999501816175,-0.39211922647015557,0,0,1
537,2.0,0.0,0.34858191903708396,-0.47908676070718687,-0.444999501816175,-0.39211922647015557,1,0,1
538,2.0,1.0,0.03851199348968552,-0.47908676070718687,-0.444999501816175,-0.3971944625194579,1,0,0
539,2.0,0.0,-0.1940404506708633,-0.47908676070718687,-0.444999501816175,-0.3528069313880735,1,0,0
543,2.0,0.0,0.5036168818107832,-0.47908676070718687,-0.444999501816175,-0.440454807892083,1,0,1
544,2.0,0.0,0.34858191903708396,0.481287771858981,-0.444999501816175,-0.2374453659199877,1,0,1
546,2.0,1.0,-0.1165229692840137,-0.47908676070718687,-0.444999501816175,-0.39211922647015557,0,0,1
547,2.0,0.0,-0.5041103762182618,-0.47908676070718687,-0.444999501816175,-0.35256525348096385,1,0,0
551,2.0,1.0,1.588861621226678,-0.47908676070718687,-0.444999501816175,-0.440454807892083,0,0,1
552,2.0,0.0,-0.8141803017656603,-0.47908676070718687,-0.444999501816175,-0.440454807892083,1,0,1
553,2.0,1.0,-0.659145338991961,-0.47908676070718687,-0.444999501816175,-0.440454807892083,0,0,1
554,2.0,0.0,-0.27155793205771295,-0.47908676070718687,-0.444999501816175,-0.39211922647015557,1,0,1
555,2.0,0.0,-0.34907541344456255,-0.47908676070718687,-0.444999501816175,-0.39211922647015557,1,0,1
556,2.0,0.0,-0.1940404506708633,-0.47908676070718687,-0.444999501816175,-0.14077420307613278,1,0,1
559,2.0,1.0,-0.7366628203788106,-0.47908676070718687,-0.444999501816175,0.0670687970381553,0,0,1
560,2.0,1.0,0.03851199348968552,-0.47908676070718687,-0.444999501816175,-0.39211922647015557,0,0,1
562,2.0,1.0,0.03851199348968552,-0.47908676070718687,-0.444999501816175,-0.40468647763985666,0,1,0
563,2.0,0.0,0.4260994004239336,-0.47908676070718687,-0.444999501816175,-0.440454807892083,1,0,1
564,2.0,1.0,0.8136868073581817,-0.47908676070718687,-0.444999501816175,-0.39211922647015557,0,0,1
565,2.0,0.0,-0.34907541344456255,-0.47908676070718687,-0.444999501816175,-0.39211922647015557,1,0,1
566,2.0,0.0,0.8912042887450313,-0.47908676070718687,-0.444999501816175,-0.35256525348096385,1,0,0
567,2.0,0.0,-0.34907541344456255,-0.47908676070718687,-0.444999501816175,-0.440454807892083,1,0,1
568,2.0,0.0,-0.852939042459085,-0.47908676070718687,-0.444999501816175,-0.39211922647015557,1,0,1
569,2.0,0.0,-1.2017677086999083,-0.47908676070718687,-0.444999501816175,0.6132608671059355,1,0,1
570,2.0,1.0,1.588861621226678,-0.47908676070718687,-0.444999501816175,-0.440454807892083,0,0,1
571,2.0,0.0,-0.5041103762182618,-0.47908676070718687,-0.444999501816175,-0.39211922647015557,1,0,1
572,2.0,1.0,-0.1165229692840137,-0.47908676070718687,-0.444999501816175,-0.3988862078692254,0,0,1
573,2.0,1.0,-0.1940404506708633,-0.47908676070718687,-0.444999501816175,-0.440454807892083,0,0,1
574,2.0,0.0,-0.03900548789716409,0.481287771858981,-0.444999501816175,-0.2374453659199877,1,0,1
575,2.0,0.0,-0.1940404506708633,0.481287771858981,-0.444999501816175,-0.2374453659199877,0,0,1
576,2.0,0.0,0.8136868073581817,-0.47908676070718687,-0.444999501816175,-0.39211922647015557,1,0,1
577,2.0,1.0,0.11602947487653514,-0.47908676070718687,-0.444999501816175,-0.2374453659199877,0,0,1
578,2.0,0.0,0.03851199348968552,0.481287771858981,-0.444999501816175,-0.2374453659199877,1,0,1
579,2.0,0.0,-0.5041103762182618,0.481287771858981,-0.444999501816175,-0.440454807892083,1,0,1
580,2.0,1.0,0.11602947487653514,-0.47908676070718687,-0.444999501816175,-0.2374453659199877,0,0,1
581,2.0,0.0,-0.1165229692840137,-0.47908676070718687,-0.444999501816175,-0.6434642498641783,1,0,1
582,2.0,1.0,-1.3568026714736077,-0.47908676070718687,-0.444999501816175,-0.33895008690603534,0,0,1
583,2.0,1.0,0.8136868073581817,-0.47908676070718687,-0.444999501816175,-0.33895008690603534,0,0,1
584,2.0,1.0,0.23230569695680955,-0.47908676070718687,-0.444999501816175,-0.39211922647015557,0,0,1
585,2.0,0.0,-0.1940404506708633,0.481287771858981,-0.444999501816175,-0.14077420307613278,1,0,1
586,2.0,1.0,-0.03900548789716409,0.481287771858981,-0.444999501816175,-0.14077420307613278,0,0,1
595,2.0,0.0,-0.1165229692840137,-0.47908676070718687,-0.444999501816175,-0.3945360055412519,1,0,1
596,2.0,1.0,0.11602947487653514,-0.47908676070718687,-0.444999501816175,-0.39211922647015557,1,0,1
597,2.0,1.0,-0.1165229692840137,-0.47908676070718687,-0.444999501816175,-0.39211922647015557,1,0,1
598,2.0,1.0,-0.27155793205771295,-0.47908676070718687,-0.444999501816175,-0.3824521101857701,0,0,1
599,2.0,0.0,-0.42659289483141216,-0.47908676070718687,-0.444999501816175,-0.39211922647015557,0,0,1
600,3.0,0.0,0.9687217701318809,-0.47908676070718687,-0.444999501816175,-0.4974907939699574,1,0,1
604,3.0,1.0,-1.046732745926209,-0.47908676070718687,-0.444999501816175,-0.4955573707130803,0,0,1
605,3.0,1.0,-0.34907541344456255,-0.47908676070718687,-0.444999501816175,-0.4955573707130803,1,0,1
606,3.0,1.0,-0.7366628203788106,-0.47908676070718687,-0.444999501816175,-0.4902404567566683,1,0,1
607,3.0,1.0,-0.8916977831525099,-0.47908676070718687,-0.444999501816175,-0.5036932157780192,0,0,0
608,3.0,0.0,0.03851199348968552,-0.47908676070718687,-0.444999501816175,-0.5032910637405887,1,0,1
609,3.0,0.0,-0.27155793205771295,-0.47908676070718687,-0.444999501816175,-0.4878236776855719,1,0,1
610,3.0,0.0,0.8136868073581817,0.481287771858981,-0.444999501816175,-0.4602723962750732,0,0,1
613,3.0,1.0,-0.27155793205771295,-0.47908676070718687,-0.444999501816175,-0.28022235547839347,1,0,0
614,3.0,0.0,-0.27155793205771295,-0.47908676070718687,-0.444999501816175,-0.4909654904779972,1,0,1
615,3.0,0.0,-0.7366628203788106,-0.47908676070718687,-0.444999501816175,-0.4902404567566683,1,0,1
616,3.0,0.0,-0.42659289483141216,-0.47908676070718687,-0.444999501816175,-0.5071579102543429,1,0,1
617,3.0,0.0,-0.34907541344456255,-0.47908676070718687,-0.444999501816175,-0.5071579102543429,1,0,1
618,3.0,0.0,0.4260994004239336,-0.47908676070718687,-0.444999501816175,-0.4878236776855719,1,0,1
619,3.0,0.0,-0.8916977831525099,-0.47908676070718687,-0.444999501816175,-0.48299011954337917,1,0,1
620,3.0,0.0,0.19354695626338475,-0.47908676070718687,-0.444999501816175,-0.20796066125261195,1,0,1
621,3.0,1.0,-0.8141803017656603,0.481287771858981,-0.444999501816175,-0.4916093204225373,0,0,1
630,3.0,1.0,-0.1940404506708633,-0.47908676070718687,-0.444999501816175,-0.4927384396045535,1,0,1
631,3.0,0.0,-0.27155793205771295,-0.47908676070718687,-0.444999501816175,-0.493140591641984,1,0,1
633,3.0,0.0,-0.7366628203788106,-0.47908676070718687,-0.444999501816175,-0.4916093204225373,1,0,1
634,3.0,0.0,-0.27155793205771295,-0.47908676070718687,-0.444999501816175,-0.49080501634767637,1,0,1
635,3.0,0.0,-0.34907541344456255,0.481287771858981,-0.444999501816175,-0.2993149101400548,1,0,1
636,3.0,0.0,-0.8916977831525099,0.481287771858981,-0.444999501816175,-0.2993149101400548,0,0,1
637,3.0,0.0,-0.42659289483141216,-0.47908676070718687,-0.444999501816175,-0.493140591641984,1,0,1
638,3.0,0.0,0.4260994004239336,-0.47908676070718687,-0.444999501816175,-0.5071579102543429,1,0,1
645,3.0,1.0,-0.5041103762182618,-0.47908676070718687,-0.444999501816175,-0.4927384396045535,1,0,1
647,3.0,1.0,1.2012742142924298,-0.47908676070718687,-0.444999501816175,-0.503774419554808,0,0,0
648,3.0,0.0,-0.659145338991961,-0.47908676070718687,-0.444999501816175,-0.503774419554808,1,0,0
649,3.0,0.0,-0.5041103762182618,-0.47908676070718687,-0.444999501816175,-0.5071579102543429,1,0,1
650,3.0,0.0,-0.9692152645393595,-0.47908676070718687,-0.444999501816175,-0.3639241151151168,0,0,0
651,3.0,0.0,0.03851199348968552,-0.47908676070718687,-0.444999501816175,-0.503774419554808,1,0,0
652,3.0,0.0,-0.5041103762182618,-0.47908676070718687,-0.444999501816175,-0.4916093204225373,1,0,1
653,3.0,1.0,-1.279285190086758,-0.47908676070718687,-0.444999501816175,-0.5036932157780192,0,0,0
654,3.0,0.0,-0.7366628203788106,-0.47908676070718687,-0.444999501816175,-0.503774419554808,1,0,0
655,3.0,0.0,0.19354695626338475,0.481287771858981,-0.444999501816175,-0.3370166636491582,1,0,1
661,3.0,1.0,-0.8916977831525099,-0.47908676070718687,-0.444999501816175,-0.4878236776855719,0,0,1
662,3.0,0.0,0.8136868073581817,-0.47908676070718687,-0.444999501816175,-0.503774419554808,1,0,0
663,3.0,0.0,-0.27155793205771295,-0.47908676070718687,-0.444999501816175,-0.49080501634767637,1,0,1
664,3.0,1.0,-0.7366628203788106,-0.47908676070718687,-0.444999501816175,-0.5036932157780192,1,0,0
667,3.0,0.0,-0.1940404506708633,-0.47908676070718687,-0.444999501816175,-0.491125964608318,0,1,0
668,3.0,0.0,-0.5816278576051114,-0.47908676070718687,-0.444999501816175,-0.4878236776855719,1,0,1
669,3.0,0.0,-0.8141803017656603,-0.47908676070718687,-0.444999501816175,-0.4878236776855719,1,0,1
670,3.0,0.0,-0.27155793205771295,-0.47908676070718687,-0.444999501816175,-0.493140591641984,1,0,1
671,3.0,0.0,-0.5816278576051114,-0.47908676070718687,-0.444999501816175,-0.4626891753461696,1,0,1
672,3.0,0.0,-0.1165229692840137,-0.47908676070718687,-0.444999501816175,-0.5036932157780192,1,0,0
673,3.0,0.0,-0.7366628203788106,-0.47908676070718687,-0.444999501816175,-0.5658856416819847,1,0,0
674,3.0,1.0,0.19354695626338475,-0.47908676070718687,-0.444999501816175,0.4488386864945934,1,0,1
675,3.0,0.0,-0.659145338991961,-0.47908676070718687,-0.444999501816175,-0.493140591641984,1,0,1
676,3.0,0.0,-0.8916977831525099,-0.47908676070718687,-0.444999501816175,-0.4936239474562032,1,0,1
677,3.0,0.0,-0.27155793205771295,-0.47908676070718687,-0.444999501816175,-0.49080501634767637,1,0,1
680,3.0,0.0,-0.1165229692840137,-0.47908676070718687,-0.444999501816175,-0.503774419554808,1,0,0
685,3.0,0.0,-0.659145338991961,-0.47908676070718687,-0.444999501816175,-0.33218310550696545,1,0,1
686,3.0,1.0,-0.5816278576051114,-0.47908676070718687,-0.444999501816175,-0.49410730327042246,0,1,0
687,3.0,0.0,-0.7366628203788106,-0.47908676070718687,-0.444999501816175,-0.4916093204225373,0,0,1
688,3.0,0.0,-0.03900548789716409,0.481287771858981,-0.444999501816175,-0.5072391140311318,1,0,1
689,3.0,0.0,-0.5816278576051114,0.481287771858981,-0.444999501816175,-0.5032910637405887,1,0,1
690,3.0,0.0,-0.5816278576051114,-0.47908676070718687,-0.444999501816175,-0.4927384396045535,1,0,1
691,3.0,0.0,0.4260994004239336,-0.47908676070718687,-0.444999501816175,-0.4878236776855719,1,0,1
692,3.0,0.0,-0.852939042459085,-0.47908676070718687,-0.444999501816175,-0.5026472337960486,0,1,0
693,3.0,1.0,-0.659145338991961,-0.47908676070718687,-0.444999501816175,-0.4922550837903342,1,1,0
694,3.0,0.0,-0.8141803017656603,-0.47908676070718687,-0.444999501816175,-0.5129581800249742,1,1,0
695,3.0,0.0,-0.8916977831525099,-0.47908676070718687,-0.444999501816175,-0.491125964608318,0,1,0
696,3.0,0.0,-0.659145338991961,-0.47908676070718687,-0.444999501816175,-0.47598146023719967,0,0,1
697,3.0,0.0,0.03851199348968552,-0.47908676070718687,-0.444999501816175,-0.47598146023719967,0,0,1
698,3.0,0.0,-0.8916977831525099,-0.47908676070718687,-0.444999501816175,-0.47598146023719967,1,0,1
699,3.0,0.0,0.6586518445844824,-0.47908676070718687,-0.444999501816175,-0.47598146023719967,1,0,1
700,3.0,0.0,-0.9692152645393595,-0.47908676070718687,-0.444999501816175,-0.47598146023719967,1,0,1
701,3.0,0.0,-0.9692152645393595,-0.47908676070718687,-0.444999501816175,-0.47598146023719967,1,0,1
702,3.0,0.0,-0.659145338991961,-0.47908676070718687,-0.444999501816175,-0.4936239474562032,0,1,0
703,3.0,0.0,-0.659145338991961,-0.47908676070718687,-0.444999501816175,-0.4936239474562032,1,1,0
704,3.0,0.0,-0.659145338991961,-0.47908676070718687,-0.444999501816175,-0.4878236776855719,1,0,1
705,3.0,0.0,-0.1165229692840137,0.481287771858981,-0.444999501816175,-0.3639241151151168,1,0,0
706,3.0,0.0,-0.1165229692840137,0.481287771858981,-0.444999501816175,-0.3639241151151168,0,0,0
707,3.0,0.0,-0.1165229692840137,-0.47908676070718687,-0.444999501816175,-0.4927384396045535,1,0,1
708,3.0,0.0,-0.42659289483141216,-0.47908676070718687,-0.444999501816175,-0.4916093204225373,1,0,1
709,3.0,1.0,-1.046732745926209,-0.47908676070718687,-0.444999501816175,-0.4936239474562032,0,1,0
710,3.0,0.0,0.5811343631976328,-0.47908676070718687,-0.444999501816175,-0.4936239474562032,0,1,0
711,3.0,0.0,-0.1165229692840137,-0.47908676070718687,-0.444999501816175,-0.5032910637405887,1,0,1
712,3.0,0.0,-0.42659289483141216,-0.47908676070718687,-0.444999501816175,-0.4878236776855719,1,0,1
713,3.0,0.0,-0.659145338991961,-0.47908676070718687,-0.444999501816175,-0.4939468291401017,1,1,0
714,3.0,1.0,0.19354695626338475,-0.47908676070718687,-0.444999501816175,0.4488386864945934,1,0,1
715,3.0,0.0,-0.03900548789716409,-0.47908676070718687,-0.444999501816175,-0.4878236776855719,1,0,1
716,3.0,0.0,-0.27155793205771295,0.481287771858981,-0.444999501816175,-0.3640033854686488,1,0,0
717,3.0,0.0,-0.8916977831525099,0.481287771858981,-0.444999501816175,-0.3640033854686488,1,0,0
718,3.0,0.0,-0.7366628203788106,-0.47908676070718687,-0.444999501816175,-0.5071579102543429,1,0,1
719,3.0,1.0,-0.8916977831525099,-0.47908676070718687,-0.444999501816175,-0.4878236776855719,1,0,1
720,3.0,0.0,-0.42659289483141216,-0.47908676070718687,-0.444999501816175,-0.5032910637405887,1,1,0
721,3.0,0.0,0.5036168818107832,-0.47908676070718687,-0.444999501816175,-0.4985387093751848,1,0,1
722,3.0,0.0,-0.42659289483141216,-0.47908676070718687,-0.444999501816175,-0.4985387093751848,1,0,1
723,3.0,0.0,0.11602947487653514,-0.47908676070718687,-0.444999501816175,-0.4939468291401017,1,1,0
724,3.0,0.0,0.11602947487653514,-0.47908676070718687,-0.444999501816175,-0.4936239474562032,1,1,0
725,3.0,1.0,-0.5816278576051114,-0.47908676070718687,-0.444999501816175,-0.4936239474562032,0,1,0
726,3.0,0.0,0.03851199348968552,-0.47908676070718687,-0.444999501816175,-0.49595952275051075,0,1,0
728,3.0,0.0,1.0462392515187307,-0.47908676070718687,-0.444999501816175,-0.4878236776855719,1,0,1
729,3.0,0.0,0.4260994004239336,-0.47908676070718687,-0.444999501816175,-0.49080501634767637,1,0,1
730,3.0,0.0,-0.1940404506708633,-0.47908676070718687,-0.444999501816175,-0.49080501634767637,1,0,1
731,3.0,0.0,-0.8141803017656603,-0.47908676070718687,-0.444999501816175,-0.49080501634767637,1,0,1
732,3.0,0.0,0.03851199348968552,-0.47908676070718687,-0.444999501816175,-0.4878236776855719,1,0,1
737,3.0,0.0,-0.8141803017656603,-0.47908676070718687,-0.444999501816175,-0.485729780298374,1,0,1
740,3.0,0.0,-0.9692152645393595,-0.47908676070718687,-0.444999501816175,-0.47598146023719967,1,0,1
741,3.0,0.0,-0.5428691169116866,-0.47908676070718687,-0.444999501816175,-0.503774419554808,1,0,0
742,3.0,1.0,1.2012742142924298,-0.47908676070718687,-0.444999501816175,-0.4878236776855719,1,0,1
743,3.0,0.0,-0.5816278576051114,-0.47908676070718687,-0.444999501816175,-0.44013192620818453,0,0,1
744,3.0,0.0,-0.8141803017656603,-0.47908676070718687,-0.444999501816175,-0.4468196372537224,1,0,1
745,3.0,1.0,0.03851199348968552,-0.47908676070718687,-0.444999501816175,-0.50909133351122,0,1,0
746,3.0,1.0,-0.03900548789716409,-0.47908676070718687,-0.444999501816175,-0.4936239474562032,1,1,0
750,3.0,0.0,-0.1940404506708633,-0.47908676070718687,-0.444999501816175,-0.49080501634767637,1,0,1
751,3.0,0.0,-0.34907541344456255,-0.47908676070718687,-0.444999501816175,-0.49080501634767637,1,0,1
752,3.0,0.0,-0.42659289483141216,1.4416623044251486,-0.444999501816175,-0.17654253332835912,1,0,1
753,3.0,0.0,-0.5816278576051114,-0.47908676070718687,-0.444999501816175,-0.4878236776855719,1,0,1
754,3.0,0.0,-0.659145338991961,1.4416623044251486,-0.444999501816175,-0.17654253332835912,1,0,1
755,3.0,0.0,-0.9692152645393595,1.4416623044251486,-0.444999501816175,-0.4878236776855719,1,0,1
756,3.0,0.0,-0.1165229692840137,0.481287771858981,-0.444999501816175,-0.33218310550696545,1,0,1
757,3.0,1.0,-0.1165229692840137,0.481287771858981,-0.444999501816175,-0.33218310550696545,0,0,1
758,3.0,1.0,0.542375622504208,0.481287771858981,-0.444999501816175,-0.30704860316756327,1,0,1
759,3.0,1.0,0.5036168818107832,0.481287771858981,-0.444999501816175,-0.30704860316756327,0,0,1
760,3.0,1.0,0.03851199348968552,-0.47908676070718687,-0.444999501816175,-0.459789040460854,1,0,1
761,3.0,0.0,-1.046732745926209,-0.47908676070718687,-0.444999501816175,-0.459789040460854,1,0,1
766,3.0,0.0,-0.34907541344456255,-0.47908676070718687,-0.444999501816175,-0.49080501634767637,1,0,1
767,3.0,0.0,-0.1165229692840137,-0.47908676070718687,-0.444999501816175,-0.49080501634767637,1,0,1
768,3.0,0.0,-0.1165229692840137,-0.47908676070718687,-0.444999501816175,-0.49080501634767637,1,0,1
769,3.0,0.0,-0.5816278576051114,-0.47908676070718687,-0.444999501816175,-0.5032910637405887,1,0,1
770,3.0,0.0,0.5036168818107832,-0.47908676070718687,-0.444999501816175,-0.5032910637405887,1,0,1
771,3.0,1.0,-0.8141803017656603,-0.47908676070718687,-0.444999501816175,-0.491125964608318,0,1,0
772,3.0,0.0,-0.9692152645393595,-0.47908676070718687,-0.444999501816175,-0.49080501634767637,1,0,1
773,3.0,0.0,0.9687217701318809,-0.47908676070718687,-0.444999501816175,-0.47598146023719967,1,0,1
774,3.0,0.0,1.0462392515187307,-0.47908676070718687,-0.444999501816175,-0.49080501634767637,1,0,1
775,3.0,0.0,-0.1165229692840137,-0.47908676070718687,-0.444999501816175,-0.5036932157780192,1,0,0
776,3.0,0.0,0.19354695626338475,-0.47908676070718687,-0.444999501816175,-0.4936239474562032,1,1,0
777,3.0,1.0,-0.8141803017656603,-0.47908676070718687,-0.444999501816175,-0.4878236776855719,1,0,1
778,3.0,1.0,0.03851199348968552,-0.47908676070718687,-0.444999501816175,-0.40226969856876027,0,0,1
779,3.0,0.0,-0.42659289483141216,-0.47908676070718687,-0.444999501816175,-0.4936239474562032,0,1,0
780,3.0,1.0,-0.5041103762182618,-0.47908676070718687,-0.444999501816175,-0.4878236776855719,0,0,1
781,3.0,0.0,0.27106443765023436,-0.47908676070718687,-0.444999501816175,-0.49080501634767637,1,0,0
783,3.0,1.0,-0.42659289483141216,-0.47908676070718687,-0.444999501816175,-0.4974907939699574,1,0,1
784,3.0,0.0,-0.5041103762182618,0.481287771858981,-0.444999501816175,-0.3747184171582617,1,0,1
785,3.0,1.0,-0.5816278576051114,0.481287771858981,-0.444999501816175,-0.3747184171582617,0,0,1
786,3.0,0.0,-0.8916977831525099,-0.47908676070718687,-0.444999501816175,-0.493140591641984,1,0,1
787,3.0,0.0,-1.046732745926209,-0.47908676070718687,-0.444999501816175,-0.493140591641984,1,0,1
788,3.0,0.0,1.2012742142924298,-0.47908676070718687,-0.444999501816175,-0.5086079776970007,1,0,1
789,3.0,0.0,-0.1165229692840137,-0.47908676070718687,-0.444999501816175,-0.503774419554808,1,0,0
793,3.0,0.0,1.356309177066129,-0.47908676070718687,-0.444999501816175,-0.5032910637405887,1,0,1
794,3.0,1.0,-1.899425041181555,-0.47908676070718687,-0.444999501816175,-0.40226969856876027,0,0,1
795,3.0,0.0,-0.1165229692840137,-0.47908676070718687,-0.444999501816175,-0.503774419554808,1,0,0
796,3.0,0.0,0.8524455480516065,-0.47908676070718687,-0.444999501816175,-0.35151733807573643,1,0,1
797,3.0,0.0,0.8524455480516065,-0.47908676070718687,-0.444999501816175,-0.4936239474562032,1,1,0
798,3.0,1.0,-0.1165229692840137,-0.47908676070718687,-0.444999501816175,-0.5071579102543429,1,0,1
799,3.0,0.0,-0.8916977831525099,-0.47908676070718687,-0.444999501816175,-0.4927384396045535,1,0,1
800,3.0,0.0,-0.1165229692840137,-0.47908676070718687,-0.444999501816175,-0.4936239474562032,0,1,0
801,3.0,0.0,-0.1165229692840137,-0.47908676070718687,-0.444999501816175,-0.4936239474562032,1,1,0
802,3.0,0.0,-0.1165229692840137,-0.47908676070718687,-0.444999501816175,-0.50909133351122,1,1,0
803,3.0,0.0,-0.27155793205771295,-0.47908676070718687,-0.444999501816175,-0.491125964608318,1,1,0
804,3.0,0.0,-0.1165229692840137,-0.47908676070718687,-0.444999501816175,-0.4936239474562032,1,1,0
805,3.0,1.0,-0.1165229692840137,-0.47908676070718687,-0.444999501816175,0.4488386864945934,1,0,1
808,3.0,0.0,-0.1165229692840137,-0.47908676070718687,-0.444999501816175,-0.4878236776855719,1,0,1
812,3.0,0.0,-0.1165229692840137,-0.47908676070718687,-0.444999501816175,-0.4936239474562032,1,1,0
813,3.0,0.0,-0.1165229692840137,-0.47908676070718687,-0.444999501816175,-0.5032910637405887,1,0,1
814,3.0,0.0,-0.34907541344456255,-0.47908676070718687,-0.444999501816175,-0.49378442158652397,1,1,0
815,3.0,0.0,-0.1165229692840137,-0.47908676070718687,-0.444999501816175,-0.3631178776169991,1,0,1
816,3.0,0.0,-0.1165229692840137,-0.47908676070718687,-0.444999501816175,-0.49080501634767637,1,0,0
817,3.0,0.0,-0.5816278576051114,-0.47908676070718687,-0.444999501816175,-0.4878236776855719,1,0,1
818,3.0,1.0,-1.046732745926209,-0.47908676070718687,-0.444999501816175,-0.4939468291401017,0,1,0
819,3.0,1.0,-0.1165229692840137,-0.47908676070718687,-0.444999501816175,-0.4936239474562032,0,1,0
822,3.0,0.0,0.8912042887450313,-0.47908676070718687,-0.444999501816175,-0.4916905241993261,1,0,1
824,3.0,0.0,0.6586518445844824,-0.47908676070718687,-0.444999501816175,-0.5071579102543429,1,0,1
833,3.0,0.0,1.6663791026135275,-0.47908676070718687,-0.444999501816175,-0.4878236776855719,1,0,1
834,3.0,0.0,0.19354695626338475,-0.47908676070718687,-0.444999501816175,-0.481781730007831,1,0,1
835,3.0,0.0,-0.1165229692840137,-0.47908676070718687,-0.444999501816175,-0.4878236776855719,1,0,1
836,3.0,0.0,-0.7366628203788106,-0.47908676070718687,-0.444999501816175,-0.453103262838573,1,0,1
837,3.0,0.0,0.5811343631976328,1.4416623044251486,-0.444999501816175,-0.4902404567566683,1,0,1
838,3.0,0.0,-0.1165229692840137,1.4416623044251486,-0.444999501816175,-0.4902404567566683,1,0,1
839,3.0,0.0,-0.8141803017656603,-0.47908676070718687,-0.444999501816175,-0.493140591641984,1,0,1
840,3.0,0.0,-0.42659289483141216,-0.47908676070718687,-0.444999501816175,-0.4723562916305551,0,0,1
841,3.0,0.0,-0.9692152645393595,-0.47908676070718687,-0.444999501816175,-0.4939468291401017,0,1,0
842,3.0,0.0,-0.1165229692840137,0.481287771858981,-0.444999501816175,-0.25742342843329874,1,0,1
843,3.0,0.0,-0.1165229692840137,0.481287771858981,-0.444999501816175,-0.25742342843329874,1,0,1
844,3.0,0.0,-0.1165229692840137,0.481287771858981,-0.444999501816175,-0.3370166636491582,1,0,1
845,3.0,1.0,-0.42659289483141216,0.481287771858981,-0.444999501816175,-0.3370166636491582,0,0,1
846,3.0,0.0,-0.7366628203788106,-0.47908676070718687,-0.444999501816175,-0.459789040460854,1,0,1
847,3.0,0.0,-0.465351635524837,-0.47908676070718687,-0.444999501816175,-0.5036932157780192,1,0,0
848,3.0,0.0,0.8912042887450313,1.4416623044251486,-0.444999501816175,-0.3706910965141867,1,0,1
849,3.0,0.0,-0.27155793205771295,0.481287771858981,-0.444999501816175,-0.4916093204225373,1,0,1
850,3.0,0.0,-0.659145338991961,-0.47908676070718687,-0.444999501816175,-0.4916093204225373,1,0,1
851,3.0,1.0,1.2012742142924298,0.481287771858981,-0.444999501816175,-0.3706910965141867,0,0,1
852,3.0,0.0,-0.1165229692840137,-0.47908676070718687,-0.444999501816175,-0.4974907939699574,0,0,1
853,3.0,0.0,-0.34907541344456255,-0.47908676070718687,-0.444999501816175,-0.5032910637405887,1,0,1
854,3.0,0.0,-0.1165229692840137,-0.47908676070718687,-0.444999501816175,-0.5108642826377763,1,1,0
855,3.0,0.0,-1.4343201528604572,-0.47908676070718687,-0.444999501816175,-0.28022235547839347,1,0,0
856,3.0,1.0,-0.1165229692840137,-0.47908676070718687,-0.444999501816175,-0.4936239474562032,0,1,0
857,3.0,1.0,-0.1940404506708633,-0.47908676070718687,-0.444999501816175,-0.5086079776970007,1,0,1
858,3.0,1.0,-0.1165229692840137,-0.47908676070718687,-0.444999501816175,0.4488386864945934,1,0,1
859,3.0,0.0,-0.8916977831525099,-0.47908676070718687,-0.444999501816175,-0.5129581800249742,0,1,0
860,3.0,1.0,-0.27155793205771295,-0.47908676070718687,-0.444999501816175,-0.4902404567566683,0,0,1
861,3.0,0.0,-0.5041103762182618,-0.47908676070718687,-0.444999501816175,-0.4902404567566683,0,0,1
862,3.0,1.0,-0.5816278576051114,-0.47908676070718687,-0.444999501816175,-0.4701811904665684,0,0,1
863,3.0,0.0,-0.1165229692840137,-0.47908676070718687,-0.444999501816175,-0.49080501634767637,1,0,1
864,3.0,0.0,-0.1165229692840137,-0.47908676070718687,-0.444999501816175,-0.493140591641984,0,0,1
865,3.0,0.0,-0.1165229692840137,-0.47908676070718687,-0.444999501816175,-0.4936239474562032,0,1,0
868,3.0,0.0,1.0462392515187307,-0.47908676070718687,-0.444999501816175,-0.5187584497956055,1,0,1
869,3.0,0.0,-0.1165229692840137,-0.47908676070718687,-0.444999501816175,-0.20796066125261195,1,0,1
870,3.0,1.0,-0.1940404506708633,-0.47908676070718687,-0.444999501816175,-0.4902404567566683,0,0,1
871,3.0,0.0,-0.1165229692840137,-0.47908676070718687,-0.444999501816175,-0.4936239474562032,1,1,0
872,3.0,1.0,-0.1165229692840137,-0.47908676070718687,-0.444999501816175,-0.4878236776855719,0,0,1
873,3.0,0.0,0.9687217701318809,-0.47908676070718687,-0.444999501816175,-0.4955573707130803,1,0,1
874,3.0,1.0,-0.1165229692840137,-0.47908676070718687,-0.444999501816175,-0.4909654904779972,1,0,1
875,3.0,0.0,0.03851199348968552,-0.47908676070718687,-0.444999501816175,-0.5036932157780192,1,0,0
876,3.0,0.0,-0.1165229692840137,-0.47908676070718687,-0.444999501816175,-0.49080501634767637,1,0,1
877,3.0,0.0,-0.1940404506708633,0.481287771858981,-0.444999501816175,-0.4902404567566683,0,0,1
878,3.0,0.0,-0.34907541344456255,0.481287771858981,-0.444999501816175,-0.4902404567566683,0,0,1
879,3.0,0.0,-0.1165229692840137,-0.47908676070718687,-0.444999501816175,-0.49080501634767637,1,0,1
880,3.0,1.0,-0.03900548789716409,-0.47908676070718687,-0.444999501816175,-0.49080501634767637,1,0,0
881,3.0,1.0,-0.659145338991961,-0.47908676070718687,-0.444999501816175,-0.4927384396045535,1,0,1
882,3.0,0.0,-0.1165229692840137,-0.47908676070718687,-0.444999501816175,-0.5071579102543429,1,0,1
883,3.0,0.0,-0.7366628203788106,-0.47908676070718687,-0.444999501816175,-0.4916093204225373,1,0,1
884,3.0,0.0,1.4338266584529786,-0.47908676070718687,-0.444999501816175,-0.4916093204225373,1,0,1
885,3.0,0.0,-0.9692152645393595,0.481287771858981,-0.444999501816175,-0.507076706477554,1,0,1
886,3.0,1.0,-0.1165229692840137,-0.47908676070718687,-0.444999501816175,-0.4936239474562032,0,1,0
887,3.0,1.0,-0.1165229692840137,-0.47908676070718687,-0.444999501816175,-0.4866152881500237,1,0,1
888,3.0,0.0,0.34858191903708396,-0.47908676070718687,-0.444999501816175,-0.5178729419439558,1,0,1
889,3.0,1.0,-0.27155793205771295,-0.47908676070718687,-0.444999501816175,-0.493140591641984,1,0,1
890,3.0,0.0,-0.5816278576051114,-0.47908676070718687,-0.444999501816175,-0.4927384396045535,1,0,1
891,3.0,0.0,0.27106443765023436,-0.47908676070718687,-0.444999501816175,-0.4761419343675205,1,0,1
892,3.0,0.0,0.11602947487653514,-0.47908676070718687,-0.444999501816175,-0.493140591641984,1,0,1
893,3.0,0.0,-0.03900548789716409,-0.47908676070718687,-0.444999501816175,-0.4916093204225373,1,0,1
896,3.0,0.0,1.5113441398398282,-0.47908676070718687,-0.444999501816175,-0.6434642498641783,1,0,1
897,3.0,0.0,0.27106443765023436,-0.47908676070718687,-0.444999501816175,-0.493140591641984,1,0,1
898,3.0,0.0,-0.8141803017656603,-0.47908676070718687,-0.444999501816175,-0.6434642498641783,1,0,1
904,3.0,0.0,-0.5041103762182618,-0.47908676070718687,-0.444999501816175,-0.49080501634767637,1,0,1
905,3.0,1.0,0.19354695626338475,-0.47908676070718687,-0.444999501816175,-0.4916093204225373,1,0,1
906,3.0,0.0,-0.1940404506708633,-0.47908676070718687,-0.444999501816175,-0.4916093204225373,1,0,1
907,3.0,0.0,-0.7366628203788106,0.481287771858981,-0.444999501816175,-0.45350541487600343,0,0,1
908,3.0,0.0,-0.659145338991961,0.481287771858981,-0.444999501816175,-0.45350541487600343,0,0,1
909,3.0,1.0,0.19354695626338475,-0.47908676070718687,-0.444999501816175,-0.4902404567566683,1,0,1
910,3.0,0.0,-0.9692152645393595,-0.47908676070718687,-0.444999501816175,-0.505707842811685,1,0,1
911,3.0,0.0,-0.659145338991961,-0.47908676070718687,-0.444999501816175,-0.480412866341962,1,0,1
912,3.0,0.0,0.03851199348968552,-0.47908676070718687,-0.444999501816175,-0.49080501634767637,1,0,1
913,3.0,1.0,-0.659145338991961,-0.47908676070718687,-0.444999501816175,-0.4927384396045535,1,0,1
914,3.0,0.0,0.27106443765023436,-0.47908676070718687,-0.444999501816175,-0.4916093204225373,1,0,1
915,3.0,0.0,-0.5816278576051114,-0.47908676070718687,-0.444999501816175,-0.4980553535609655,1,0,1
918,3.0,0.0,-0.1165229692840137,-0.47908676070718687,-0.444999501816175,-0.5036932157780192,1,0,0
919,3.0,0.0,-0.852939042459085,-0.47908676070718687,-0.444999501816175,-0.5036932157780192,1,0,0
920,3.0,0.0,-0.1165229692840137,-0.47908676070718687,-0.444999501816175,-0.4936239474562032,1,1,0
921,3.0,0.0,-0.1165229692840137,-0.47908676070718687,-0.444999501816175,-0.5032910637405887,1,0,1
922,3.0,1.0,-0.1165229692840137,-0.47908676070718687,-0.444999501816175,-0.4936239474562032,0,1,0
923,3.0,1.0,-0.1165229692840137,-0.47908676070718687,-0.444999501816175,-0.4936239474562032,0,1,0
924,3.0,0.0,0.3873406597305088,-0.47908676070718687,-0.444999501816175,-0.49209267623675657,1,1,0
925,3.0,0.0,1.1237567329055802,-0.47908676070718687,-0.444999501816175,-0.4878236776855719,1,0,1
926,3.0,1.0,-0.1165229692840137,-0.47908676070718687,-0.444999501816175,-0.4936239474562032,1,1,0
927,3.0,0.0,-0.1165229692840137,0.481287771858981,-0.444999501816175,-0.3640033854686488,1,0,0
928,3.0,0.0,-0.1165229692840137,0.481287771858981,-0.444999501816175,-0.3640033854686488,0,0,0
929,3.0,0.0,-0.1165229692840137,0.481287771858981,-0.444999501816175,-0.4936239474562032,1,1,0
930,3.0,0.0,-0.1165229692840137,0.481287771858981,-0.444999501816175,-0.4936239474562032,1,1,0
931,3.0,0.0,-0.1165229692840137,-0.47908676070718687,-0.444999501816175,-0.49386562536331285,1,1,0
932,3.0,0.0,-0.5816278576051114,1.4416623044251486,-0.444999501816175,-0.47598146023719967,0,0,1
933,3.0,0.0,-0.27155793205771295,1.4416623044251486,-0.444999501816175,-0.47598146023719967,1,0,1
940,3.0,0.0,-0.1165229692840137,-0.47908676070718687,-0.444999501816175,-0.49080501634767637,1,0,0
941,3.0,1.0,-0.34907541344456255,-0.47908676070718687,-0.444999501816175,-0.5036932157780192,1,0,0
942,3.0,0.0,-0.1165229692840137,-0.47908676070718687,-0.444999501816175,-0.503774419554808,1,0,0
943,3.0,0.0,0.5811343631976328,-0.47908676070718687,-0.444999501816175,-0.45809729511108654,0,0,1
944,3.0,0.0,-0.1165229692840137,-0.47908676070718687,-0.444999501816175,-0.49080501634767637,1,0,1
945,3.0,1.0,-0.1165229692840137,-0.47908676070718687,-0.444999501816175,0.4488386864945934,1,0,1
946,3.0,0.0,-0.1165229692840137,-0.47908676070718687,-0.444999501816175,0.4488386864945934,1,0,1
947,3.0,1.0,-0.5816278576051114,-0.47908676070718687,-0.444999501816175,-0.5032910637405887,0,0,1
948,3.0,0.0,-0.1165229692840137,-0.47908676070718687,-0.444999501816175,-0.4936239474562032,1,1,0
949,3.0,1.0,-0.27155793205771295,-0.47908676070718687,-0.444999501816175,0.4488386864945934,1,0,1
950,3.0,0.0,-0.03900548789716409,-0.47908676070718687,-0.444999501816175,-0.46011192214475244,1,0,1
951,3.0,0.0,-0.03900548789716409,-0.47908676070718687,-0.444999501816175,-0.493140591641984,1,0,1
952,3.0,0.0,-0.5816278576051114,-0.47908676070718687,-0.444999501816175,-0.493140591641984,1,0,1
953,3.0,1.0,-0.5816278576051114,-0.47908676070718687,-0.444999501816175,-0.503774419554808,1,0,0
959,3.0,0.0,0.19354695626338475,-0.47908676070718687,-0.444999501816175,-0.4902404567566683,1,0,1
960,3.0,0.0,0.3873406597305088,-0.47908676070718687,-0.444999501816175,-0.5190001277027151,1,0,0
961,3.0,0.0,-0.1165229692840137,0.481287771858981,-0.444999501816175,-0.3437836450482281,0,1,0
962,3.0,0.0,-0.1165229692840137,0.481287771858981,-0.444999501816175,-0.3437836450482281,1,1,0
963,3.0,0.0,0.5036168818107832,-0.47908676070718687,-0.444999501816175,-0.6434642498641783,1,0,1
964,3.0,0.0,0.7361693259713321,-0.47908676070718687,-0.444999501816175,-0.17654253332835912,1,0,1
965,3.0,0.0,-0.42659289483141216,-0.47908676070718687,-0.444999501816175,-0.459789040460854,1,0,1
966,3.0,0.0,-0.34907541344456255,-0.47908676070718687,-0.444999501816175,-0.493140591641984,0,0,1
967,3.0,0.0,1.2012742142924298,-0.47908676070718687,-0.444999501816175,-0.4936239474562032,0,0,1
968,3.0,0.0,0.5036168818107832,0.481287771858981,-0.444999501816175,-0.3428169334197895,1,0,1
969,3.0,0.0,0.03851199348968552,0.481287771858981,-0.444999501816175,-0.3428169334197895,0,0,1
970,3.0,1.0,-0.7366628203788106,0.481287771858981,-0.444999501816175,-0.4902404567566683,1,0,1
971,3.0,0.0,-0.1165229692840137,-0.47908676070718687,-0.444999501816175,-0.491125964608318,1,1,0
972,3.0,0.0,-0.1165229692840137,-0.47908676070718687,-0.444999501816175,0.4488386864945934,1,0,1
973,3.0,0.0,-0.1165229692840137,-0.47908676070718687,-0.444999501816175,-0.4974907939699574,1,0,1
974,3.0,0.0,0.03851199348968552,0.481287771858981,-0.444999501816175,-0.33218310550696545,1,0,1
975,3.0,0.0,-0.27155793205771295,0.481287771858981,-0.444999501816175,-0.33218310550696545,0,0,1
976,3.0,0.0,-0.1165229692840137,-0.47908676070718687,-0.444999501816175,-0.491125964608318,1,0,1
977,3.0,0.0,-0.6979040796853858,-0.47908676070718687,-0.444999501816175,-0.5032910637405887,1,0,1
978,3.0,1.0,-0.1940404506708633,-0.47908676070718687,-0.444999501816175,-0.47598146023719967,1,0,1
979,3.0,0.0,1.6663791026135275,-0.47908676070718687,-0.444999501816175,-0.507076706477554,1,0,1
980,3.0,1.0,-0.5041103762182618,-0.47908676070718687,-0.444999501816175,-0.4916093204225373,0,0,1
981,3.0,1.0,0.19354695626338475,-0.47908676070718687,-0.444999501816175,-0.4969262343789493,1,0,1
982,3.0,0.0,-0.1165229692840137,-0.47908676070718687,-0.444999501816175,-0.49080501634767637,1,0,1
983,3.0,0.0,-0.1165229692840137,-0.47908676070718687,-0.444999501816175,-0.4974907939699574,1,0,1
984,3.0,1.0,-0.1165229692840137,-0.47908676070718687,-0.444999501816175,-0.4936239474562032,0,1,0
985,3.0,1.0,-0.42659289483141216,-0.47908676070718687,-0.444999501816175,-0.5053849611277866,1,0,1
986,3.0,0.0,-0.5816278576051114,-0.47908676070718687,-0.444999501816175,-0.505707842811685,1,0,1
987,3.0,0.0,-0.1165229692840137,-0.47908676070718687,-0.444999501816175,-0.491125964608318,0,1,0
988,3.0,0.0,-0.1165229692840137,-0.47908676070718687,-0.444999501816175,-0.4936239474562032,1,1,0
989,3.0,0.0,-0.1165229692840137,-0.47908676070718687,-0.444999501816175,-0.4878236776855719,1,0,1
990,3.0,0.0,-0.03900548789716409,-0.47908676070718687,-0.444999501816175,-0.4902404567566683,1,0,1
991,3.0,1.0,-0.1165229692840137,-0.47908676070718687,-0.444999501816175,-0.5036932157780192,1,0,0
992,3.0,0.0,0.07727073418311033,-0.47908676070718687,-0.444999501816175,-0.4936239474562032,0,1,0
993,3.0,1.0,-0.1165229692840137,-0.47908676070718687,-0.444999501816175,-0.49386562536331285,0,1,0
994,3.0,0.0,-0.1165229692840137,-0.47908676070718687,-0.444999501816175,-0.5036932157780192,1,0,0
995,3.0,0.0,0.4260994004239336,-0.47908676070718687,-0.444999501816175,-0.49080501634767637,1,0,0
996,3.0,0.0,0.27106443765023436,-0.47908676070718687,-0.444999501816175,-0.49080501634767637,1,0,1
997,3.0,1.0,-0.1165229692840137,-0.47908676070718687,-0.444999501816175,-0.503774419554808,0,0,0
998,3.0,0.0,-0.1165229692840137,-0.47908676070718687,-0.444999501816175,-0.49080501634767637,1,0,0
999,3.0,1.0,-0.1165229692840137,-0.47908676070718687,-0.444999501816175,-0.4936239474562032,0,1,0
1000,3.0,1.0,-0.1165229692840137,-0.47908676070718687,-0.444999501816175,-0.4936239474562032,1,1,0
1001,3.0,1.0,-0.1165229692840137,1.4416623044251486,-0.444999501816175,-0.19394334264025298,0,1,0
1002,3.0,1.0,-0.1165229692840137,1.4416623044251486,-0.444999501816175,-0.19394334264025298,0,1,0
1003,3.0,1.0,-0.1165229692840137,1.4416623044251486,-0.444999501816175,-0.19394334264025298,1,1,0
1004,3.0,1.0,-0.1165229692840137,-0.47908676070718687,-0.444999501816175,-0.49289891373487427,0,1,0
1005,3.0,0.0,-0.1165229692840137,-0.47908676070718687,-0.444999501816175,-0.3437836450482281,1,1,0
1006,3.0,1.0,-0.1165229692840137,-0.47908676070718687,-0.444999501816175,-0.491125964608318,0,1,0
1007,3.0,1.0,-1.1242502273130588,-0.47908676070718687,-0.444999501816175,-0.4882258297230024,0,1,0
1008,3.0,0.0,0.4260994004239336,-0.47908676070718687,-0.444999501816175,-0.4936239474562032,0,1,0
1009,3.0,0.0,-0.1165229692840137,-0.47908676070718687,-0.444999501816175,-0.4936239474562032,1,1,0
1010,3.0,0.0,-0.42659289483141216,0.481287771858981,-0.444999501816175,-0.33218310550696545,1,0,1
1011,3.0,0.0,-0.8141803017656603,0.481287771858981,-0.444999501816175,-0.33218310550696545,0,0,1
1012,3.0,0.0,-0.1165229692840137,-0.47908676070718687,-0.444999501816175,-0.4936239474562032,0,1,0
1013,3.0,0.0,-0.1165229692840137,-0.47908676070718687,-0.444999501816175,-0.4878236776855719,0,0,1
1014,3.0,0.0,-0.1165229692840137,-0.47908676070718687,-0.444999501816175,-0.4878236776855719,0,0,1
1016,3.0,0.0,-0.1165229692840137,-0.47908676070718687,-0.444999501816175,-0.4936239474562032,1,1,0
1017,3.0,1.0,-0.659145338991961,-0.47908676070718687,-0.444999501816175,-0.493140591641984,1,0,1
1018,3.0,0.0,-0.1165229692840137,-0.47908676070718687,-0.444999501816175,-0.4878236776855719,1,0,1
1019,3.0,0.0,-0.42659289483141216,-0.47908676070718687,-0.444999501816175,-0.49080501634767637,1,0,1
1020,3.0,0.0,-0.659145338991961,-0.47908676070718687,-0.444999501816175,-0.49080501634767637,1,0,1
1021,3.0,0.0,-0.1165229692840137,-0.47908676070718687,-0.444999501816175,-0.49080501634767637,1,0,1
1022,3.0,0.0,-0.1165229692840137,-0.47908676070718687,-0.444999501816175,-0.49080501634767637,1,0,1
1023,3.0,1.0,-0.1165229692840137,-0.47908676070718687,-0.444999501816175,-0.491125964608318,0,1,0
1024,3.0,0.0,-0.34907541344456255,-0.47908676070718687,-0.444999501816175,-0.4955573707130803,1,0,1
1027,3.0,0.0,-0.1165229692840137,-0.47908676070718687,-0.444999501816175,-0.4878236776855719,1,0,1
1028,3.0,1.0,-0.1165229692840137,0.481287771858981,-0.444999501816175,-0.17654253332835912,0,1,0
1029,3.0,0.0,-0.1165229692840137,0.481287771858981,-0.444999501816175,-0.17654253332835912,1,1,0
1030,3.0,0.0,-0.1165229692840137,-0.47908676070718687,-0.444999501816175,-0.4799295105277427,1,1,0
1031,3.0,0.0,0.34858191903708396,-0.47908676070718687,-0.444999501816175,-0.4878236776855719,1,0,1
1032,3.0,0.0,-0.1165229692840137,-0.47908676070718687,-0.444999501816175,-0.4936239474562032,1,1,0
1033,3.0,1.0,-0.1165229692840137,-0.47908676070718687,-0.444999501816175,-0.493140591641984,1,0,1
1037,3.0,1.0,-0.1165229692840137,-0.47908676070718687,-0.444999501816175,-0.5036932157780192,0,0,0
1038,3.0,0.0,-0.1165229692840137,-0.47908676070718687,-0.444999501816175,-0.4878236776855719,1,0,1
1039,3.0,1.0,-0.1165229692840137,-0.47908676070718687,-0.444999501816175,-0.4939468291401017,0,1,0
1040,3.0,1.0,-0.42659289483141216,-0.47908676070718687,-0.444999501816175,-0.4936239474562032,0,1,0
1041,3.0,0.0,-0.1165229692840137,-0.47908676070718687,-0.444999501816175,-0.4878236776855719,1,0,1
1042,3.0,1.0,-0.1165229692840137,0.481287771858981,-0.444999501816175,-0.3437836450482281,0,1,0
1043,3.0,1.0,-0.1165229692840137,0.481287771858981,-0.444999501816175,-0.3437836450482281,0,1,0
1044,3.0,1.0,-0.1165229692840137,-0.47908676070718687,-0.444999501816175,-0.3437836450482281,0,1,0
1045,3.0,0.0,-0.8916977831525099,-0.47908676070718687,-0.444999501816175,-0.4936239474562032,1,0,1
1046,3.0,0.0,-0.5816278576051114,-0.47908676070718687,-0.444999501816175,-0.49080501634767637,1,0,1
1047,3.0,1.0,-1.1242502273130588,-0.47908676070718687,-0.444999501816175,-0.503774419554808,0,0,0
1051,3.0,0.0,0.27106443765023436,-0.47908676070718687,-0.444999501816175,-0.4878236776855719,1,0,1
1052,3.0,0.0,-0.1165229692840137,-0.47908676070718687,-0.444999501816175,-0.49080501634767637,1,0,1
1053,3.0,0.0,-0.1165229692840137,-0.47908676070718687,-0.444999501816175,-0.5036932157780192,1,0,0
1054,3.0,0.0,-0.1165229692840137,-0.47908676070718687,-0.444999501816175,-0.4936239474562032,0,1,0
1055,3.0,0.0,-0.1165229692840137,-0.47908676070718687,-0.444999501816175,-0.49080501634767637,1,0,1
1056,3.0,1.0,-1.3568026714736077,0.481287771858981,-0.444999501816175,-0.42611460759582553,1,0,0
1057,3.0,1.0,-1.2017677086999083,0.481287771858981,-0.444999501816175,-0.42611460759582553,0,0,0
1058,3.0,0.0,-0.03900548789716409,-0.47908676070718687,-0.444999501816175,-0.4902404567566683,0,0,1
1059,3.0,0.0,-0.1165229692840137,-0.47908676070718687,-0.444999501816175,-0.4878236776855719,1,0,1
1060,3.0,1.0,-0.8916977831525099,-0.47908676070718687,-0.444999501816175,-0.493140591641984,0,0,1
1061,3.0,1.0,-0.27155793205771295,-0.47908676070718687,-0.444999501816175,-0.4916093204225373,0,0,1
1062,3.0,0.0,-0.659145338991961,-0.47908676070718687,-0.444999501816175,-0.4916093204225373,1,0,1
1063,3.0,0.0,0.8912042887450313,-0.47908676070718687,-0.444999501816175,-0.505707842811685,1,0,1
1064,3.0,1.0,0.7361693259713321,-0.47908676070718687,-0.444999501816175,-0.4902404567566683,1,0,1
1065,3.0,0.0,-0.659145338991961,-0.47908676070718687,-0.444999501816175,-0.49265723582776466,1,0,1
1066,3.0,0.0,-0.0777642285905889,-0.47908676070718687,-0.444999501816175,-0.5036932157780192,1,0,0
1067,3.0,1.0,-0.5816278576051114,-0.47908676070718687,-0.444999501816175,-0.4936239474562032,0,0,1
1069,3.0,0.0,-0.1165229692840137,0.481287771858981,-0.444999501816175,-0.3437836450482281,1,1,0
1070,3.0,0.0,-0.1165229692840137,-0.47908676070718687,-0.444999501816175,-0.49209267623675657,1,1,0
1071,3.0,1.0,-0.1165229692840137,0.481287771858981,-0.444999501816175,-0.3437836450482281,0,1,0
1072,3.0,0.0,-0.1165229692840137,-0.47908676070718687,-0.444999501816175,-0.4939468291401017,1,1,0
1073,3.0,0.0,-0.1165229692840137,-0.47908676070718687,-0.444999501816175,-0.4936239474562032,1,1,0
1074,3.0,0.0,-0.1165229692840137,-0.47908676070718687,-0.444999501816175,-0.4936239474562032,1,1,0
1075,3.0,0.0,-0.5041103762182618,-0.47908676070718687,-0.444999501816175,-0.465105954417266,1,0,1
1076,3.0,0.0,-0.1165229692840137,-0.47908676070718687,-0.444999501816175,-0.4936239474562032,0,1,0
1077,3.0,1.0,-0.1165229692840137,-0.47908676070718687,-0.444999501816175,-0.4936239474562032,0,1,0
1078,3.0,1.0,-0.1165229692840137,-0.47908676070718687,-0.444999501816175,-0.491125964608318,0,1,0
1079,3.0,1.0,-0.5816278576051114,-0.47908676070718687,-0.444999501816175,-0.493140591641984,0,0,1
1080,3.0,1.0,-0.1165229692840137,-0.47908676070718687,-0.444999501816175,-0.4936239474562032,1,1,0
1081,3.0,1.0,-0.1165229692840137,-0.47908676070718687,-0.444999501816175,-0.49209267623675657,0,1,0
1083,3.0,0.0,-0.1165229692840137,-0.47908676070718687,-0.444999501816175,-0.20796066125261195,1,0,1
1085,3.0,0.0,-0.1165229692840137,-0.47908676070718687,-0.444999501816175,-0.5020826742050405,1,0,1
1086,3.0,0.0,0.11602947487653514,-0.47908676070718687,-0.444999501816175,-0.4916093204225373,0,0,1
1087,3.0,0.0,-0.1165229692840137,-0.47908676070718687,-0.444999501816175,-0.4916093204225373,1,0,1
1088,3.0,1.0,0.19354695626338475,-0.47908676070718687,-0.444999501816175,-0.493140591641984,1,0,1
1089,3.0,0.0,-0.7366628203788106,-0.47908676070718687,-0.444999501816175,-0.465105954417266,1,0,1
1090,3.0,0.0,-0.5041103762182618,-0.47908676070718687,-0.444999501816175,-0.47598146023719967,0,0,1
1091,3.0,0.0,-0.7366628203788106,-0.47908676070718687,-0.444999501816175,-0.47598146023719967,0,0,1
1092,3.0,0.0,-0.7366628203788106,-0.47908676070718687,-0.444999501816175,-0.47598146023719967,1,0,1
1093,3.0,0.0,-1.046732745926209,-0.47908676070718687,-0.444999501816175,-0.4652664285475868,1,0,1
1094,3.0,1.0,0.11602947487653514,-0.47908676070718687,-0.444999501816175,-0.4755793081997693,0,0,1
1095,3.0,0.0,-0.1165229692840137,-0.47908676070718687,-0.444999501816175,-0.49595952275051075,0,1,0
1107,3.0,0.0,-0.659145338991961,-0.47908676070718687,-0.444999501816175,-0.47598146023719967,1,0,1
1108,3.0,0.0,-0.8141803017656603,-0.47908676070718687,-0.444999501816175,-0.3631178776169991,1,0,1
1109,3.0,0.0,-0.1165229692840137,-0.47908676070718687,-0.444999501816175,-0.47501474860876114,1,0,0
1110,3.0,0.0,0.19354695626338475,-0.47908676070718687,-0.444999501816175,-0.49080501634767637,1,0,1
1114,3.0,0.0,-0.1165229692840137,-0.47908676070718687,-0.444999501816175,-0.5081246218827814,1,0,1
1115,3.0,0.0,-0.1165229692840137,-0.47908676070718687,-0.444999501816175,-0.493140591641984,1,0,1
1116,3.0,0.0,-0.1165229692840137,-0.47908676070718687,-0.444999501816175,-0.4878236776855719,1,0,1
1117,3.0,0.0,-0.659145338991961,-0.47908676070718687,-0.444999501816175,-0.4902404567566683,1,0,1
1118,3.0,0.0,-0.34907541344456255,-0.47908676070718687,-0.444999501816175,-0.4902404567566683,1,0,1
1119,3.0,0.0,-0.5816278576051114,-0.47908676070718687,-0.444999501816175,-0.5032910637405887,1,0,1
1120,3.0,1.0,-0.34907541344456255,0.481287771858981,-0.444999501816175,-0.493140591641984,1,0,1
1124,3.0,0.0,-0.1165229692840137,-0.47908676070718687,-0.444999501816175,-0.4861319323358045,0,1,0
1125,3.0,0.0,-0.42659289483141216,-0.47908676070718687,-0.444999501816175,-0.4878236776855719,1,0,1
1126,3.0,0.0,-0.1165229692840137,-0.47908676070718687,-0.444999501816175,-0.49080501634767637,0,0,1
1127,3.0,0.0,-0.8141803017656603,-0.47908676070718687,-0.444999501816175,-0.49080501634767637,1,0,1
1128,3.0,0.0,-0.1165229692840137,-0.47908676070718687,-0.444999501816175,-0.49080501634767637,1,0,1
1129,3.0,0.0,-0.34907541344456255,0.481287771858981,-0.444999501816175,-0.493140591641984,1,0,1
1130,3.0,0.0,-0.8916977831525099,-0.47908676070718687,-0.444999501816175,-0.493140591641984,0,0,1
1131,3.0,1.0,0.19354695626338475,-0.47908676070718687,-0.444999501816175,-0.4878236776855719,1,0,1
1132,3.0,0.0,-0.1165229692840137,-0.47908676070718687,-0.444999501816175,-0.49080501634767637,1,0,1
1133,3.0,0.0,-0.9692152645393595,-0.47908676070718687,-0.444999501816175,-0.47598146023719967,1,0,1
1134,3.0,0.0,-0.42659289483141216,-0.47908676070718687,-0.444999501816175,-0.47598146023719967,1,0,1
1135,3.0,0.0,-0.1165229692840137,-0.47908676070718687,-0.444999501816175,-0.49080501634767637,1,0,1
1136,3.0,0.0,-0.1165229692840137,-0.47908676070718687,-0.444999501816175,-0.4866152881500237,0,0,1
1137,3.0,0.0,-0.1165229692840137,-0.47908676070718687,-0.444999501816175,-0.5036932157780192,1,0,0
1138,3.0,0.0,-0.1165229692840137,-0.47908676070718687,-0.444999501816175,-0.5032910637405887,1,0,1
1139,3.0,0.0,0.6586518445844824,-0.47908676070718687,-0.444999501816175,-0.49080501634767637,1,0,1
1140,3.0,0.0,-0.659145338991961,-0.47908676070718687,-0.444999501816175,-0.4878236776855719,1,0,1
1147,3.0,0.0,-0.5816278576051114,-0.47908676070718687,-0.444999501816175,0.12386310520892005,0,0,1
1148,3.0,0.0,0.4260994004239336,-0.47908676070718687,-0.444999501816175,-0.505707842811685,1,0,1
1149,3.0,1.0,-0.1165229692840137,-0.47908676070718687,-0.444999501816175,-0.4941885070472113,0,1,0
1150,3.0,0.0,-0.1165229692840137,-0.47908676070718687,-0.444999501816175,-0.3631178776169991,1,0,1
1151,3.0,0.0,-0.1165229692840137,-0.47908676070718687,-0.444999501816175,-0.3631178776169991,0,0,1
1152,3.0,0.0,1.588861621226678,0.481287771858981,-0.444999501816175,-0.3631178776169991,1,0,1
1153,3.0,0.0,1.356309177066129,0.481287771858981,-0.444999501816175,-0.3631178776169991,0,0,1
1154,3.0,0.0,-0.1165229692840137,-0.47908676070718687,-0.444999501816175,-0.4878236776855719,1,0,1
1155,3.0,0.0,-0.1165229692840137,-0.47908676070718687,-0.444999501816175,-0.493140591641984,1,0,1
1159,3.0,1.0,-0.1165229692840137,-0.47908676070718687,-0.444999501816175,-0.4878236776855719,0,0,1
1160,3.0,0.0,1.588861621226678,-0.47908676070718687,-0.444999501816175,-0.4878236776855719,1,0,1
1161,3.0,0.0,-1.046732745926209,-0.47908676070718687,-0.444999501816175,-0.4878236776855719,1,0,1
1162,3.0,1.0,-0.1165229692840137,-0.47908676070718687,-0.444999501816175,-0.4936239474562032,1,1,0
1163,3.0,0.0,-0.1165229692840137,-0.47908676070718687,-0.444999501816175,-0.17654253332835912,1,1,0
1164,3.0,0.0,-0.1165229692840137,-0.47908676070718687,-0.444999501816175,-0.5036932157780192,1,0,0
1165,3.0,0.0,-0.34907541344456255,-0.47908676070718687,-0.444999501816175,-0.503774419554808,1,0,0
1166,3.0,0.0,-0.1165229692840137,-0.47908676070718687,-0.444999501816175,-0.503774419554808,1,0,0
1167,3.0,0.0,-0.1165229692840137,-0.47908676070718687,-0.444999501816175,-0.4940260994936337,1,1,0
1168,3.0,0.0,-0.1165229692840137,-0.47908676070718687,-0.444999501816175,-0.49700743815573817,1,0,1
1169,3.0,0.0,0.6974105852779072,-0.47908676070718687,-0.444999501816175,-0.5032910637405887,1,0,1
1181,3.0,0.0,-0.42659289483141216,-0.47908676070718687,-0.444999501816175,-0.4631725311603889,1,0,1
1182,3.0,1.0,-0.659145338991961,-0.47908676070718687,-0.444999501816175,-0.4955573707130803,0,0,1
1183,3.0,0.0,0.7361693259713321,-0.47908676070718687,-0.444999501816175,-0.4902404567566683,1,0,1
1184,3.0,0.0,-0.1165229692840137,1.4416623044251486,-0.444999501816175,-0.2243135551592784,1,0,0
1185,3.0,0.0,-0.1165229692840137,1.4416623044251486,-0.444999501816175,-0.2243135551592784,1,0,0
1186,3.0,0.0,-0.1165229692840137,1.4416623044251486,-0.444999501816175,-0.2243135551592784,1,0,0
1190,3.0,1.0,-0.34907541344456255,-0.47908676070718687,-0.444999501816175,-0.459789040460854,1,0,1
1191,3.0,0.0,-0.7366628203788106,-0.47908676070718687,-0.444999501816175,-0.4878236776855719,1,0,1
1192,3.0,0.0,-0.3878341541379874,-0.47908676070718687,-0.444999501816175,-0.4878236776855719,1,0,1
1193,3.0,0.0,-0.1165229692840137,-0.47908676070718687,-0.444999501816175,-0.49410730327042246,1,1,0
1194,3.0,0.0,-0.1165229692840137,-0.47908676070718687,-0.444999501816175,-0.49080501634767637,1,0,1
1195,3.0,0.0,-0.1165229692840137,-0.47908676070718687,-0.444999501816175,-0.4936239474562032,1,1,0
1196,3.0,1.0,-0.03900548789716409,-0.47908676070718687,-0.444999501816175,-0.459789040460854,1,0,1
1197,3.0,0.0,-0.1165229692840137,-0.47908676070718687,-0.444999501816175,-0.35151733807573643,1,0,1
1198,3.0,1.0,-0.1165229692840137,-0.47908676070718687,-0.444999501816175,-0.4930593878651951,0,1,0
1199,3.0,0.0,-0.1165229692840137,-0.47908676070718687,-0.444999501816175,-0.4878236776855719,1,0,1
1200,3.0,0.0,-0.1165229692840137,-0.47908676070718687,-0.444999501816175,-0.4878236776855719,1,0,1
1201,3.0,0.0,-0.5816278576051114,-0.47908676070718687,-0.444999501816175,-0.5036932157780192,1,0,0
1202,3.0,0.0,-0.1165229692840137,-0.47908676070718687,-0.444999501816175,-0.4878236776855719,1,0,1
1203,3.0,0.0,0.8136868073581817,-0.47908676070718687,-0.444999501816175,-0.49080501634767637,1,0,1
1204,3.0,0.0,-0.659145338991961,-0.47908676070718687,-0.444999501816175,-0.4902404567566683,1,0,1
1205,3.0,1.0,-0.8916977831525099,-0.47908676070718687,-0.444999501816175,-0.4985387093751848,0,0,1
1212,3.0,0.0,-0.1165229692840137,-0.47908676070718687,-0.444999501816175,-0.49080501634767637,1,0,1
1213,3.0,0.0,-0.1165229692840137,-0.47908676070718687,-0.444999501816175,-0.4878236776855719,1,0,1
1214,3.0,0.0,-0.1165229692840137,-0.47908676070718687,-0.444999501816175,-0.47598146023719967,1,0,1
1215,3.0,0.0,-0.1165229692840137,-0.47908676070718687,-0.444999501816175,-0.4936239474562032,1,1,0
1216,3.0,1.0,-0.1165229692840137,-0.47908676070718687,-0.444999501816175,-0.4939468291401017,0,1,0
1217,3.0,0.0,-0.8141803017656603,-0.47908676070718687,-0.444999501816175,-0.4955573707130803,1,0,1
1218,3.0,0.0,0.03851199348968552,-0.47908676070718687,-0.444999501816175,-0.4878236776855719,1,0,1
1219,3.0,0.0,-0.1165229692840137,-0.47908676070718687,-0.444999501816175,-0.4878236776855719,1,0,1
1220,3.0,0.0,0.19354695626338475,-0.47908676070718687,-0.444999501816175,-0.4878236776855719,1,0,1
1221,3.0,0.0,-0.1165229692840137,-0.47908676070718687,-0.444999501816175,-0.49080501634767637,1,0,1
1222,3.0,0.0,0.27106443765023436,-0.47908676070718687,-0.444999501816175,-0.47598146023719967,1,0,0
1223,3.0,1.0,-0.5041103762182618,-0.47908676070718687,-0.444999501816175,-0.4974907939699574,0,0,1
1224,3.0,0.0,-0.659145338991961,-0.47908676070718687,-0.444999501816175,-0.4878236776855719,1,0,1
1226,3.0,0.0,-0.8141803017656603,-0.47908676070718687,-0.444999501816175,-0.49080501634767637,1,0,1
1227,3.0,0.0,-0.5816278576051114,-0.47908676070718687,-0.444999501816175,-0.4532637369688938,0,0,1
1228,3.0,1.0,0.11602947487653514,-0.47908676070718687,-0.444999501816175,-0.4902404567566683,1,0,1
1229,3.0,0.0,-0.1940404506708633,-0.47908676070718687,-0.444999501816175,-0.47598146023719967,1,0,1
1232,3.0,1.0,-1.046732745926209,-0.47908676070718687,-0.444999501816175,-0.4878236776855719,1,0,1
1233,3.0,1.0,1.1237567329055802,-0.47908676070718687,-0.444999501816175,-0.4902404567566683,1,0,1
1234,3.0,0.0,-0.34907541344456255,-0.47908676070718687,-0.444999501816175,-0.5071579102543429,1,0,1
1236,3.0,1.0,-1.2017677086999083,-0.47908676070718687,-0.444999501816175,-0.465105954417266,1,0,1
1237,3.0,0.0,-0.42659289483141216,-0.47908676070718687,-0.444999501816175,-0.4927384396045535,1,0,1
1238,3.0,1.0,-0.34907541344456255,-0.47908676070718687,-0.444999501816175,-0.4927384396045535,1,0,1
1239,3.0,0.0,0.34858191903708396,-0.47908676070718687,-0.444999501816175,-0.4878236776855719,1,0,1
1241,3.0,0.0,-0.1165229692840137,0.481287771858981,-0.444999501816175,-0.5190001277027151,1,0,0
1242,3.0,0.0,-0.1165229692840137,-0.47908676070718687,-0.444999501816175,-0.5190001277027151,1,0,0
1243,3.0,0.0,-0.1165229692840137,-0.47908676070718687,-0.444999501816175,-0.503774419554808,1,0,0
1245,3.0,0.0,-0.1165229692840137,-0.47908676070718687,-0.444999501816175,-0.4878236776855719,1,0,1
1246,3.0,0.0,-0.1165229692840137,0.481287771858981,-0.444999501816175,-0.33218310550696545,1,0,1
1247,3.0,1.0,-0.1165229692840137,0.481287771858981,-0.444999501816175,-0.33218310550696545,0,0,1
1248,3.0,0.0,0.19354695626338475,-0.47908676070718687,-0.444999501816175,-0.4902404567566683,1,0,1
1249,3.0,0.0,-0.1165229692840137,-0.47908676070718687,-0.444999501816175,-0.4936239474562032,1,1,0
1250,3.0,0.0,-0.1165229692840137,-0.47908676070718687,-0.444999501816175,-0.49080501634767637,1,0,1
1251,3.0,0.0,0.07727073418311033,-0.47908676070718687,-0.444999501816175,-0.4878236776855719,1,0,1
1252,3.0,0.0,1.1237567329055802,-0.47908676070718687,-0.444999501816175,-0.4878236776855719,1,0,1
1253,3.0,0.0,-0.1165229692840137,-0.47908676070718687,-0.444999501816175,-0.5036932157780192,1,0,0
1254,3.0,1.0,-0.34907541344456255,-0.47908676070718687,-0.444999501816175,-0.6434642498641783,1,0,1
1255,3.0,0.0,-0.1165229692840137,-0.47908676070718687,-0.444999501816175,-0.5036932157780192,1,0,0
1259,3.0,0.0,0.5036168818107832,-0.47908676070718687,-0.444999501816175,-0.49080501634767637,1,0,1
1260,3.0,1.0,-0.8916977831525099,-0.47908676070718687,-0.444999501816175,-0.45318253319210494,0,0,1
1268,3.0,0.0,-0.1165229692840137,-0.47908676070718687,-0.444999501816175,-0.459789040460854,1,0,1
1269,3.0,0.0,0.27106443765023436,-0.47908676070718687,-0.444999501816175,-0.459789040460854,1,0,1
1270,3.0,0.0,-0.1165229692840137,-0.47908676070718687,-0.444999501816175,-0.459789040460854,1,0,1
1271,3.0,0.0,-0.1165229692840137,-0.47908676070718687,-0.444999501816175,-0.459789040460854,1,0,1
1272,3.0,0.0,1.356309177066129,-0.47908676070718687,-0.444999501816175,-0.4694561567452395,1,0,1
1273,3.0,0.0,-0.8916977831525099,1.4416623044251486,-0.444999501816175,-0.2954480636263006,0,0,1
1275,3.0,0.0,-1.046732745926209,1.4416623044251486,-0.444999501816175,-0.2954480636263006,1,0,1
1276,3.0,0.0,0.11602947487653514,0.481287771858981,-0.444999501816175,-0.2954480636263006,0,0,1
1277,3.0,1.0,-0.5816278576051114,-0.47908676070718687,-0.444999501816175,-0.503774419554808,1,0,0
1278,3.0,0.0,-0.7366628203788106,-0.47908676070718687,-0.444999501816175,-0.4916093204225373,1,0,1
1279,3.0,0.0,-1.2017677086999083,-0.47908676070718687,-0.444999501816175,-0.4916093204225373,0,0,1
1280,3.0,0.0,-0.5816278576051114,-0.47908676070718687,-0.444999501816175,-0.49080501634767637,1,0,1
1281,3.0,0.0,-0.5816278576051114,-0.47908676070718687,-0.444999501816175,-0.4694561567452395,1,0,1
1282,3.0,0.0,-0.1165229692840137,-0.47908676070718687,-0.444999501816175,-0.4878236776855719,1,0,1
1283,3.0,0.0,-0.1165229692840137,-0.47908676070718687,-0.444999501816175,-0.4974907939699574,1,0,1
1284,3.0,0.0,-0.1165229692840137,-0.47908676070718687,-0.444999501816175,-0.4878236776855719,1,0,1
1285,3.0,0.0,0.23230569695680955,-0.47908676070718687,-0.444999501816175,-0.459789040460854,1,0,1
1286,3.0,1.0,0.6586518445844824,-0.47908676070718687,-0.444999501816175,-0.5036932157780192,0,0,0
1287,3.0,0.0,1.6663791026135275,-0.47908676070718687,-0.444999501816175,-0.4936239474562032,1,0,1
1288,3.0,0.0,-0.8916977831525099,0.481287771858981,-0.444999501816175,-0.5178729419439558,1,0,1
1289,3.0,0.0,-0.659145338991961,0.481287771858981,-0.444999501816175,-0.5178729419439558,1,0,1
1290,3.0,1.0,1.356309177066129,0.481287771858981,-0.444999501816175,-0.5081246218827814,0,0,1
1291,3.0,0.0,-0.1165229692840137,-0.47908676070718687,-0.444999501816175,-0.47501474860876114,1,0,1
1292,3.0,0.0,-0.1165229692840137,-0.47908676070718687,-0.444999501816175,-0.4974907939699574,1,0,1
1293,3.0,0.0,-0.1165229692840137,-0.47908676070718687,-0.444999501816175,-0.4878236776855719,1,0,1
1294,3.0,0.0,-0.0777642285905889,-0.47908676070718687,-0.444999501816175,-0.33218310550696545,1,0,1
1295,3.0,0.0,-0.659145338991961,-0.47908676070718687,-0.444999501816175,-0.5032910637405887,1,0,1
1296,3.0,0.0,-0.1940404506708633,-0.47908676070718687,-0.444999501816175,-0.47598146023719967,1,0,1
1297,3.0,0.0,-0.1165229692840137,-0.47908676070718687,-0.444999501816175,-0.5032910637405887,1,0,1
1298,3.0,0.0,0.5036168818107832,-0.47908676070718687,-0.444999501816175,-0.459789040460854,1,0,1
1299,3.0,0.0,-0.1940404506708633,0.481287771858981,-0.444999501816175,-0.3640033854686488,1,0,0
1300,3.0,1.0,-1.1242502273130588,0.481287771858981,-0.444999501816175,-0.3640033854686488,0,0,0
1301,3.0,0.0,1.2400329549858546,-0.47908676070718687,-0.444999501816175,-0.503774419554808,1,0,0
1302,3.0,0.0,-0.1165229692840137,-0.47908676070718687,-0.444999501816175,-0.503774419554808,1,0,0
1303,3.0,0.0,-0.1165229692840137,-0.47908676070718687,-0.444999501816175,-0.3639241151151168,1,0,0
1304,3.0,0.0,-1.1630089680064835,0.481287771858981,-0.444999501816175,-0.3640033854686488,0,0,0
1305,3.0,0.0,-0.1165229692840137,0.481287771858981,-0.444999501816175,-0.3640033854686488,0,0,0
1306,3.0,0.0,-0.23279919136428814,-0.47908676070718687,-0.444999501816175,-0.503774419554808,1,0,0
1307,3.0,0.0,-0.1940404506708633,-0.47908676070718687,-0.444999501816175,-0.503774419554808,1,0,0
1308,3.0,0.0,-0.03900548789716409,-0.47908676070718687,-0.444999501816175,-0.4912071683851068,1,0,1
